question,answer,domain,question_word_count,answer_word_count
what is the role of siamese networks in domain adaptation,"Siamese networks can be used to align the representations of source and target domains by minimizing the discrepancy between them, making the model more robust to domain shifts.",education,10,28
what is a recurrent neural network rnn,"An RNN handles sequence data, capturing temporal dependencies with cycles in connections.",education,7,12
what are eigen values and eigen vectors in the context of pca,"Eigen values represent the variance captured by each principal component, and Eigen vectors represent the directions of these components. Eigen faces are a specific application of PCA in facial recognition.",education,12,30
what are deep q networks,Deep Q-networks are neural networks that approximate the Q-function.,education,4,9
what properties of words can word vec extract,Word2Vec can extract and provide the most similar words how similar are two words and pick the odd word out of a group of words.,education,7,25
what is the mean absolute error mae,"The mean absolute error (MAE) measures the average absolute differences between observed and predicted values, providing a robust metric for assessing model accuracy that is less sensitive to outliers than MSE.",education,7,31
what is the epsilon greedy algorithm,The epsilon-greedy algorithm is a method for balancing exploration and exploitation.,education,5,11
what is precision in the context of performance metrics,"Precision measures the ratio of correctly predicted positive observations to the total predicted positive observations, indicating the model's ability to avoid false positives.",education,9,23
what is an encoder only transformer model and what tasks is it suited for,"Encoder-only transformer models like BERT are designed for tasks that require understanding and representation of the input, such as classification, sentence embedding, and sequence labeling.",education,13,25
how does regularization affect the loss function,"Regularization adds a penalty term to the loss function to discourage large model weights, preventing overfitting. Common regularization techniques include L1 (lasso) and L2 (ridge) regularization, which penalize the absolute sum and the square of weights, respectively.",education,7,37
what is a boosting round,"A boosting round refers to one iteration of training a base model in a boosting algorithm, where each round aims to correct the errors made by the previous models.",education,5,29
how does the transformer model work,"The Transformer model uses self-attention mechanisms and layers to process input data in parallel, making it efficient for tasks like translation and text generation.",education,6,24
what is k means clustering,A popular clustering algorithm that partitions data into k clusters based on similarity.,education,4,13
what is a confusion matrix in machine learning,"A confusion matrix is a table used to evaluate the performance of a classification algorithm, showing true positives, false positives, true negatives, and false negatives.",education,8,25
what is regularization in machine learning,Regularization adds a penalty to the loss function to prevent overfitting.,education,6,11
what is the significance of weight decay in training arguments,"Weight decay is a regularization technique that adds a penalty to the loss function based on the magnitude of the model's weights, encouraging smaller weights and helping to prevent overfitting.",education,10,30
what is the importance of considering production constraints when choosing a cnn architecture,Considering production constraints such as memory usage and inference time is important when choosing a CNN architecture as it can affect the performance and feasibility of the model in real-world applications.,education,13,31
how are mfccs calculated from an audio signal,"MFCCs are calculated by first converting the audio signal into the frequency domain using the Fourier transform. The resulting spectrum is then mapped onto the Mel scale to simulate the human ear's frequency perception. The log of the Mel-scaled spectrum is taken, followed by applying the Discrete Cosine Transform (DCT) to obtain the MFCCs, which represent the audio signal in the cepstral domain.",education,8,63
what is the significance of the mean squared error mse in regression,"The mean squared error (MSE) measures the average squared difference between the observed and predicted values, serving as a common metric for assessing the accuracy of regression models.",education,12,28
what is the dimensionality issue in bag of words,The BoW approach has a dimensionality issue as the total dimension is the vocabulary size.,education,9,15
how can early stopping help with overfitting,"Early stopping involves monitoring the model's performance on a validation set and stopping training when performance starts to degrade, preventing overfitting by avoiding excessive training.",education,7,25
what does the i term in arima stand for and what is its purpose,The I (Integrated) term in ARIMA refers to the differencing of the time series to make it stationary. The order of differencing (denoted as d) is the number of times the data is differenced to remove trends and achieve stationarity.,education,14,40
what is feature engineering for categorical variables,"Feature engineering for categorical variables includes techniques like encoding, creating interaction features, or aggregating categories based on domain knowledge.",education,7,19
how does model complexity affect overfitting,"Higher model complexity increases the risk of overfitting, as a more complex model can fit the training data too closely and capture noise.",education,6,23
what is email classification in the context of ensemble methods,Email classification is a common application of ensemble methods where the goal is to classify emails as spam or ham.,education,10,20
what is the main purpose of the self attention layer in transformers,"The self-attention layer allows the model to focus on different parts of the input sequence, capturing relationships between words or tokens, which is essential for tasks like translation and summarization.",education,11,30
what is attention in machine learning,"A mechanism that allows models to focus on specific parts of the input when making predictions, often used in NLP tasks.",education,6,21
describe the difference between batch gradient descent and stochastic gradient descent,"Batch gradient descent computes the gradient using the entire dataset, while stochastic gradient descent (SGD) computes the gradient using a single sample or a mini-batch, making SGD faster and more scalable.",education,11,31
what is the architecture of a transformer model,The Transformer model consists of an encoder-decoder architecture. Both the encoder and decoder are composed of multiple layers of self-attention and feedforward neural networks. It is widely used in NLP tasks.,education,8,31
what is the purpose of queries and keys and values in self attention,Queries and keys and values are used to calculate attention scores and form attention vectors in self-attention.,education,12,17
what does false negative fn mean,False Negative refers to the cases where the model incorrectly predicted the negative class.,education,6,14
what is a base model in ensemble methods,"A base model is an individual model that is part of an ensemble, contributing to the overall prediction by combining with other base models through techniques like bagging or boosting.",education,8,30
what is the role of heuristics in ai,Heuristics are simplified rules to solve problems when optimal solutions are impractical.,education,8,12
what is demonstrated in the experiment section,A demo of using N-Grams to represent text data.,education,7,9
what is divisive clustering,"Divisive clustering is a top-down approach, where initially, all the data points in the dataset belong to one cluster and split is performed recursively as one moves down the hierarchy.",education,4,30
what is the tradeoff between model complexity and interpretability,"Higher model complexity often leads to better performance but may reduce interpretability, while simpler models are easier to interpret but may have higher bias and lower performance.",education,9,27
what is the markov assumption in language modeling,The Markov Assumption states that a word is affected only by its prior local context (the last few words).,education,8,19
what is the role of dropout in transformer models,"Dropout in transformers is used as a regularization technique to prevent overfitting by randomly dropping units during training, forcing the model to learn more robust features.",education,9,26
why is naive bayes called naive,"It's called ""naive"" because it assumes that all features are independent of each other, which is rarely true in real-world scenarios.",education,6,21
explain the concept of backpropagation in the context of neural networks,Backpropagation is a supervised learning algorithm that adjusts weights in a neural network by propagating errors backward from the output layer to the input layer.,education,11,25
what is the purpose of feature scaling in regression,"Feature scaling standardizes or normalizes the range of independent variables, improving model performance and convergence speed by ensuring that all features contribute equally to the model.",education,9,26
how can the explained variance ratio be interpreted in the context of pca,The explained variance ratio indicates the proportion of data variance captured by each principal component.,education,13,15
what is bagging and how does it affect bias and variance,"Bagging (Bootstrap Aggregating) reduces variance by averaging predictions from multiple models trained on different subsets of the data, which can help prevent overfitting.",education,11,23
how does logistic regression differ from linear regression,Logistic Regression uses a sigmoid function as its cost function unlike Linear Regression.,education,8,13
what are some of the applications of planar homography in computer vision,"Planar homography in computer vision is used for applications like removing perspective distortion, rendering planar textures, rendering planar shadows, and estimating camera pose for augmented reality.",education,12,26
what are early pruning in decision trees,Pruning: Cutting back the tree after it has been built to remove overfitted branches and improve generalization.,education,7,17
how does barts denoising autoencoder training help in improving text quality,The denoising autoencoder training helps BART learn to generate coherent and contextually accurate text by reconstructing corrupted input sequences.,education,11,19
define overfitting in machine learning and how does it relate to the concept of generalization,"Overfitting occurs when a model learns the training data too well, capturing noise and outliers.",education,15,15
what is the application of self supervised learning in person identification,Self-supervised learning can be used in person identification by learning to match images of people such as in the CUHK03 dataset.,education,10,21
what is a significant challenge mentioned in the document when using pure bit floating point neural networks,"A challenge is the need for additional storage for optimizer states, gradients, and other variables during training, despite the reduced model storage from 16-bit precision.",education,16,25
what is one hot encoding,"A method of representing categorical variables as binary vectors, where each category is represented by a 1 in one position and 0s in others.",education,4,24
what is the concept of feature importance in random forests,"Feature importance in Random Forests measures the contribution of each feature to the prediction accuracy, helping to identify which features are most influential for the model.",education,10,26
what is the primary benefit of using stride in convolution operations,Stride reduces the size of the output feature map and controls the overlap of the filter across the input image.,education,11,20
what are the challenges associated with quantization,"Quantization can lead to a loss in model accuracy, especially if the reduction in precision is too aggressive. Careful tuning and post-training calibration are often necessary to minimize this accuracy loss.",education,7,31
what is an activation function,A function that determines the output of a neural network layer by introducing non-linearity into the model.,education,5,17
how can denoising autoencoders improve the generalization ability of a model,"They learn to extract robust features that ignore noise, leading to better generalization on unseen data. This helps in making models more resilient to noisy or incomplete data.",education,11,28
what additional storage is needed when training a model beyond just the model parameters,"Additional storage is needed to store optimizer states, gradients, activations, and temporary variables.",education,14,13
why are cnns effective for image classification tasks,"CNNs automatically learn spatial hierarchies of features, capturing local patterns such as edges and textures, which are crucial for identifying objects and classifying images.",education,8,24
what is the role of the regularization parameter c in svm,The regularization parameter (C) controls the trade-off between maximizing the margin and minimizing classification error. A smaller C creates a wider margin but allows more misclassifications.,education,11,26
what are some challenges in programming distributed systems,Challenges include: Managing a large number of resources. Handling resource failures.Ensuring resources run until completion and produce correct results. Achieving fast execution.,education,8,22
how can synthetic data be utilized in machine learning to address domain gaps,"Synthetic data can be used to supplement real data, especially when real data is scarce or expensive to obtain, helping to bridge domain gaps and improve model performance.",education,13,28
how does the concept of receptive field relate to cnns,"The receptive field refers to the region of the input that influences a particular neurons output in the feature map. In CNNs, the receptive field grows as you move deeper into the network, allowing the neurons in higher layers to capture more complex, global features.",education,10,45
what clustering tools does scikit learn offer,Scikit-Learn provides tools for clustering including k-means and hierarchical clustering.,education,6,10
what is the attention mechanism,A technique that allows a model to focus on specific parts of the input sequence when making predictions.,education,5,18
what is reinforcement learning,A learning paradigm where an agent learns to make decisions by interacting with an environment and receiving feedback.,education,4,18
what is multi objective reinforcement learning,"Multi-objective reinforcement learning involves optimizing multiple, often conflicting objectives simultaneously, requiring the agent to learn to balance trade-offs and find Pareto-optimal solutions.",education,5,22
how can you address a domain gap between source and target data,"You can address a domain gap by aligning the source and target data distributions, which may involve modifying loss functions or using methods like Siamese networks to bring the representations closer together.",education,12,32
what is the problem with calculating word in the network directly,Calculating word in the network directly is difficult.,education,11,8
what is the significance of the cosine similarity metric in word vec,"Cosine similarity measures the cosine of the angle between two vectors, indicating their similarity. In Word2Vec, it helps quantify the semantic similarity between words.",education,11,24
what is backpropagation,The algorithm used to compute gradients and update weights in a neural network during training.,education,3,15
what is the leave one out cross validation,"Leave-one-out cross-validation is a special case of k-fold cross-validation where each fold consists of a single data point, and the model is trained on the remaining data points, providing an unbiased estimate of model performance.",education,5,35
what does pivot table do,pivot_table() creates a pivot table to aggregate and summarize data.,education,4,10
what is fine tuning,The process of adjusting a pre-trained model on a new task by continuing its training with a smaller learning rate.,education,3,20
what is the difference between greedy decoding and beam search,"Greedy decoding selects the most probable word at each step, while beam search considers multiple candidate sequences simultaneously, balancing exploration and exploitation to find a more optimal sequence.",education,10,28
what is accuracy,"When the output variable is categorical or discrete, accuracy is used. It is the percentage of correct predictions made by the model compared to the total number of predictions made.",education,3,30
how does k nn handle missing data,k-NN can handle missing data by imputing the missing values using the average of the 'k' nearest neighbors.,education,6,18
how do batch size and number of epochs affect training,"Batch size affects the amount of data processed before updating weights, and the number of epochs defines how many times the entire dataset is used for training; both impact model convergence and performance.",education,10,33
what does scikit learn provide for svm,Scikit-Learn provides tools for Support Vector Machines (SVM).,education,6,8
what is spark sql,Distributed in-memory computation on massive scale Can use all data sources that Spark supports natively,education,4,15
what is a learning curve and how does it help in diagnosing overfitting and underfitting,"A learning curve plots model performance against the size of the training dataset or training iterations, helping diagnose overfitting or underfitting by showing how performance improves with more data or training.",education,15,31
how does backpropagation through time bptt work in rnns,"BPTT is an extension of backpropagation used to train RNNs. It involves unrolling the RNN over time and applying backpropagation to calculate gradients for each time step, adjusting weights accordingly.",education,9,30
what happens if the data is not linearly separable when using a perceptron,"If the data is not linearly separable, a single-layer Perceptron will not be able to find a correct decision boundary, and the Perceptron Learning Rule will fail to converge to a solution. The Perceptron will continue adjusting weights without finding a satisfactory separation, resulting in poor classification performance.",education,13,48
what is feature extraction,"Feature extraction involves transforming raw data into a set of features that can be used for modeling, often involving dimensionality reduction or feature transformation.",education,4,24
how is q learning used in finance,Q-learning has been used in finance to learn optimal trading policies.,education,6,11
what are types of hierarchical clustering,Agglomerative clustering and Divisive clustering.,education,6,5
what is curriculum reinforcement learning,"Curriculum reinforcement learning involves training an agent on a sequence of increasingly difficult tasks, gradually building its abilities and improving overall performance on complex tasks.",education,5,25
what is recall in the context of model evaluation,Recall is the ratio of true positive predictions to the total actual positives in the data.,education,9,16
what are the features used in email classification,The features used in email classification are 2-million dimensional (one-hot) and each tree selects a subset of features (words) to select the best from the subset.,education,8,26
what does parts of speech tagging determines,Parts-of-Speech tagging determines part-of-speech for each word dynamically as per meaning of the sentence. part-of-speech for each word dynamically as per sentence structure an all part-of-speech for a specific word given as input.,education,5,33
what is the significance of exploration decay in reinforcement learning,"Exploration decay refers to the gradual reduction of exploration over time, allowing the agent to shift from exploring new actions to exploiting known actions that yield high rewards as it gains more experience.",education,10,33
what is the tf idf score formula,TF-IDF Score = TF * IDF.,education,6,6
what are support vectors in svm,Support vectors are the data points that are closest to the decision boundary and are used to define the hyperplane in SVM.,education,6,22
if the mlp overfits the training data how could you tweak these hyperparameters to try to solve the problem,"If the MLP overfits the training data, you can try reducing the number of hidden layers and reducing the number of neurons per hidden layer.",education,19,25
what is linear regression,Linear Regression is a supervised learning algorithm that models the relationship between a dependent variable and one or more independent variables.,education,4,21
how does bag of words representation work in text analysis,"Bag-of-words represents text by counting the frequency of words in a document, disregarding their order but capturing their occurrence.",education,8,19
what is logistic regression,Logistic Regression is a supervised learning algorithm used for binary classification problems. It predicts the probability of an outcome that can only have two values.,education,4,25
what is distributed computing,A distributed computing system is a system including several computational entities where each entity has its own local memory and all entities communicate by message passing over a network.,education,4,29
what is overfitting in the context of arima modeling and how can it be avoided,"Overfitting occurs when an ARIMA model is too complex, with too many parameters, and fits the noise in the training data rather than the underlying pattern. This leads to poor generalization on new data. Overfitting can be avoided by using model selection criteria like AIC or BIC, cross-validation, and ensuring the model is as simple as possible while still capturing the essential patterns.",education,15,63
what is the difference between rnn and cnn,"RNNs are designed for sequential data and have a mechanism for maintaining context across time steps, making them ideal for tasks involving sequences. In contrast, Convolutional Neural Networks (CNNs) are designed for spatial data, such as images, and use convolutional layers to detect local patterns. RNNs focus on temporal dependencies, while CNNs focus on spatial hierarchies.",education,8,56
what is gradient descent,Gradient descent is an optimization algorithm used to minimize the loss function by iteratively adjusting the weights in the direction of the negative gradient.,education,4,24
what is alexnet and why is it significant,AlexNet is a deep convolutional neural network that won the 2012 ImageNet competition. It demonstrated the effectiveness of deep learning for image classification and spurred interest in CNNs for computer vision.,education,8,31
how is the attention weight computed in self attention,The attention weight is computed by taking the dot product of the Query and Key matrices and then applying a softmax function to the result. This produces a set of weights that represent the importance of each input element.,education,9,39
what is a siamese network and how is it used,"A Siamese network consists of two or more identical subnetworks with shared weights. It is used in tasks like face verification, where it compares two inputs to determine their similarity.",education,10,30
what are some common challenges encountered during web scraping for nlp tasks,"Dynamically generated content, changing website structure, and legal restrictions can pose challenges for web scraping.",education,12,15
how does an svm work in simple terms,An SVM works by finding a separating line (or hyperplane) between data of two classes. It takes the data as input and outputs a line that separates the classes if possible.,education,8,31
what is the function used to predict the next point in a series of d points,The function used to predict the next point in a series of 2D points is ( y = f(x) = 3x ).,education,16,22
in unsupervised learning what is the purpose of anomaly detection,Anomaly detection identifies instances or patterns in data that deviate significantly from the norm or expected behavior.,education,10,17
what is the cost function in decision trees,The cost function is used to find the most homogeneous branches.,education,8,11
what is pos tagging,"Part-of-Speech tagging, the process of assigning a part of speech to each word in a sentence.",education,4,16
why is it important to modify loss functions for domain adaptation,"Modifying loss functions helps to better align the distributions of source and target data, improving the model's performance on real-world data by adding additional terms to the loss function that address domain discrepancies.",education,11,33
what is feature engineering for time series data,"Feature engineering for time series data involves creating features that capture temporal patterns, such as lagged values, rolling statistics, or time-based indicators.",education,8,22
what is backward elimination in stepwise regression,"Backward elimination is a stepwise regression method where all predictors are initially included, and variables are removed one at a time based on their significance until only significant predictors remain.",education,7,30
what is the shape of the attention output in self attention,The shape of the attention output in self-attention is (T x dv) where T is the sequence length and dv is the dimensionality of the value vector.,education,10,27
what is a sparse transformer and how does it improve efficiency,"A Sparse Transformer reduces the computational complexity of self-attention by focusing only on relevant parts of the input sequence, making it more efficient for processing long sequences.",education,11,27
what are bert s main innovations in nlp,"BERT introduced bidirectional training of Transformers, enabling the model to consider context from both directions (left-to-right and right-to-left) when encoding a word, leading to state-of-the-art performance on various NLP tasks.",education,7,30
how are word vec models trained,"Large datasets are used to predict words based on their context, allowing the model to learn word representations.",education,5,18
what are the assumptions in machine learning,Machine Learning assumes that the training set and testing set come from the same distribution and that some assumptions or bias are needed to make predictions,education,7,26
what are the ethical considerations in ai,"Ethical issues include bias, fairness, accountability, privacy, and societal impact.",education,7,10
what is a multilayer perceptron mlp and how does it differ from a single layer perceptron,"An MLP is a type of neural network with multiple layers, including input, hidden, and output layers.",education,15,17
how does peft improve fine tuning efficiency in resource constrained environments,"PEFT reduces the number of trainable parameters, allowing large models to be fine-tuned on limited hardware resources, such as GPUs with smaller memory capacity, without significant performance loss.",education,9,28
what is accuracy,Accuracy is the frraction of the total sample that is correctly identified.,education,3,12
what are the different methods for representing text in natural language processing nlp,"Text can be represented using bag-of-words, TF-IDF, word embeddings (like word2vec or GloVe), or through more advanced methods like BERT and GPT models.",education,13,23
what is collaborative filtering in recommendation systems,Collaborative filtering predicts a user's interest in items based on the preferences of similar users. It leverages the idea that users who agreed in the past will likely agree in the future.,education,7,32
what is a dense attention mechanism in transformers and how does it affect computational complexity,"Dense attention mechanisms in transformers calculate attention scores between all pairs of tokens in a sequence, resulting in high computational complexity, especially for long sequences, but also allowing the model to capture detailed relationships.",education,15,34
how does the eigen face approach relate to face detection and recognition,"By analyzing key facial features captured in Eigen faces, systems can detect and recognize faces in images or videos.",education,12,19
what is early stopping,A regularization technique used to prevent overfitting by stopping training when the model's performance on a validation set starts to deteriorate.,education,4,21
what is the idea behind sne and t sne,"SNE and t-SNE use probabilities instead of distances to represent the likelihood of points being neighbors, optimizing these probabilities to be similar in low dimensions.",education,8,25
how does cross validation help in model selection,"Cross-validation helps in model selection by providing an estimate of how different models perform on unseen data, allowing for the comparison of model performance and selection of the best model.",education,7,30
what is the orthogonality loss and why was it proposed,Orthogonality Loss was proposed to enhance the recognition ability of deep face features by punishing the mean value and second moment of the weight matrix of generated feature vectors. It addresses the limitation of traditional softmax loss in distinguishing between classes in high-dimensional feature spaces.,education,10,45
what types of n grams can be used as features,Unigrams bigrams trigrams etc. can be used as features.,education,9,9
what is a validation set in the context of cross validation,"A validation set is a subset of the data used to evaluate the model's performance during training, helping to tune hyperparameters and assess model generalization.",education,10,25
what is the role of cross attention in transformer models,"Cross-attention is used in transformer decoders to focus on specific parts of the encoder's output, enabling better context integration when generating sequences.",education,9,22
what is the role of dimensionality reduction in unsupervised learning,"Dimensionality reduction techniques, such as PCA or t-SNE, reduce the number of features in the data, making it easier to visualize and analyze while retaining the most important information.",education,10,29
what is beam search in nlp,"Beam search is a search algorithm used in sequence generation tasks, where it keeps track of the top-k sequences at each step and expands them to find the most probable sequence.",education,6,31
what is an autoencoder and how does it work,"An autoencoder is a neural network that learns to compress (encode) input data into a lower-dimensional representation and then reconstruct (decode) it back to the original form, typically used for feature learning or dimensionality reduction.",education,9,35
what should you consider when engineering features for a model,"You should consider transforming data, using PCA (Principal Component Analysis), creating smaller categories for categorical data, deriving additional attributes, and experimenting with hyperparameters.",education,10,23
what is regularization in the context of regression models,"Regularization adds a penalty term to the loss function in regression models to control the complexity of the model, helping to prevent overfitting and improve generalization.",education,9,26
what is a policy in reinforcement learning,"A policy in reinforcement learning defines the agent's strategy for choosing actions in various states, typically represented as a probability distribution over actions.",education,7,23
how does a decision tree work,"A Decision Tree works by splitting the dataset based on the most important variables using criteria like entropy, information gain, or Gini index. It continues to split until a stopping condition is met or perfect homogeneity is achieved.",education,6,38
what is a leaf node in a decision tree,A leaf node is the final node in a Decision Tree that contains the output label.,education,9,16
what are some common challenges in reinforcement learning,Challenges include the exploration-exploitation trade,education,8,5
what is transfer learning,"Transfer learning involves taking the knowledge gained from a pre-trained model on one task and applying it to a different, but related task. This approach allows for leveraging pre-existing patterns learned by the model, making it easier and faster to train on new tasks with less data.",education,4,47
what is bag of words,A simple representation of text data where each document is represented as a bag (or a set) of its word occurrences.,education,5,21
how can principal component analysis pca aid in data visualization,"PCA reduces the dimensionality of data while preserving most of its variance, allowing for visualization of high-dimensional data in a lower-dimensional space.",education,10,22
what is machine translation,This helps in translating a given piece of text from one language to another.,education,4,14
what are the common types of ensemble methods,"Common ensemble methods include Bagging (e.g., Random Forest), Boosting (e.g., AdaBoost, Gradient Boosting), and Stacking, each with different approaches to combining models.",education,8,22
how do cnns learn features from images,CNNs apply convolutional filters to detect features at various resolutions and complexities.,education,7,12
what is a sparse autoencoder,"A Sparse Autoencoder is a variant of the standard Autoencoder where sparsity is enforced on the latent representation. This means that only a small number of neurons in the bottleneck layer are activated for any given input, encouraging the network to learn more distinct and meaningful features.",education,5,47
how does tf idf work in information retrieval,"TF-IDF (Term Frequency-Inverse Document Frequency) is a numerical statistic that reflects the importance of a word in a document relative to a corpus, helping to identify relevant keywords.",education,7,28
what is the root node in a decision tree,The best features of the dataset are placed at the root of the tree.,education,9,14
what do stemming and lemmatization return for the word comedy,"Stemming will return ""comedi"" and lemmatizaton will return ""comedy"".",education,10,9
what is overfitting in decision trees,"Overfitting occurs when the Decision Tree model becomes too complex, capturing noise instead of the underlying data distribution.",education,6,18
what is the difference between a one hot encoding and word embeddings,"One-hot encoding represents each word as a binary vector with a single high value, while word embeddings represent words as dense vectors in a continuous vector space, capturing semantic relationships.",education,11,30
what is quantization,Quantization is a technique used to reduce the precision of the weights and activations of a neural network.,education,3,18
what is information gain,Information gain is the decrease in entropy.,education,4,7
what is knowledge distillation in model compression,"Knowledge distillation involves training a smaller model (student) to replicate the behavior of a larger, pre-trained model (teacher). The student model learns to mimic the teacher's outputs, achieving comparable performance with fewer parameters.",education,7,33
how can google vision api be set up for use,"To set up Google Vision API, you need to create a GCP project, enable billing, enable the API, create a service account key, set the environment variable for the application credentials, install the client library, and run the appropriate code.",education,10,40
how can you detect overfitting,"Overfitting can be detected by a significant gap between training accuracy and validation accuracy, where the model performs well on training data but poorly on validation data.",education,5,27
how does the training set size affect bias and variance,Increasing the training set size generally reduces variance (overfitting) but may not affect bias significantly. A larger training set provides more information for the model to learn.,education,10,27
what is the significance of the cross validation error,"The cross-validation error is a measure of model performance averaged across all folds, providing an estimate of how well the model is expected to perform on unseen data.",education,8,28
what is the difference between population and sample in statistics,Population: The entire set of possible observations of a random variable. It can be finite or infinite. Sample: A subset of the population used to make inferences about the population. It is always finite.,education,10,34
what is bag of words approach,A sentence or a document is considered as a Bag containing words. It takes into account the words and their frequency of occurrence in the sentence or the document disregarding semantic relationship in the sentences. It creates a vocabulary of all the unique words occurring in all the documents in the training set. This is called bag-of-words approach.,education,4,58
what is the role of token type embeddings in bert,"Token type embeddings in BERT differentiate between tokens from different segments (e.g., sentence A and sentence B) within a single input, enabling the model to handle tasks like next sentence prediction.",education,10,31
what is overfitting,"When a model learns the training data too well, including noise and outliers, leading to poor generalization to new data.",education,3,20
what are generative models in machine learning,"Generative models learn to create new data samples similar to training data, like GANs and VAEs.",education,7,16
can arima be used for non stationary data,"Yes, ARIMA can be used for non-stationary data by applying differencing to the data (the I component of ARIMA). The differencing process transforms the non-stationary data into a stationary series, which can then be modeled using the AR and MA components.",education,7,41
what is a markov chain,"A stochastic process that transitions from one state to another on a state space, where the probability of each state depends only on the previous state.",education,5,26
how do you get a specific value from a dataframe,"Use df.at[row_index, 'column_name'] or df.iat[row_index, col_index] to access a specific value.",education,10,11
what is a sliding window,"A technique where a fixed-size window moves across the data, often used in time series analysis to capture temporal patterns.",education,5,20
how does stride affect the convolution process in cnns,Stride determines the number of pixels the filter moves during convolution affecting the size of the output feature map.,education,9,19
what is part of speech pos tagging,"POS tagging assigns a part of speech to each word in a given sentence, helping in understanding the grammatical structure of the sentence.",education,7,23
what is feature engineering for classification problems,Feature engineering for classification problems includes creating features that enhance the model's ability to distinguish between different classes or categories.,education,7,20
what is underfitting in machine learning,"Underfitting happens when a model is too simple to capture the underlying patterns in the data, resulting in poor performance on both training and test data.",education,6,26
what is fine tuning in the context of transformers,"Fine-tuning involves taking a pre-trained transformer model and adapting it to a specific task by continuing training on a smaller, task-specific dataset, leveraging the knowledge gained during pre-training.",education,8,28
how does the pinhole camera model relate to computer vision,"The pinhole camera model is a mathematical representation used in computer vision to understand how a camera projects a 3D scene onto a 2D image, which helps in tasks like recovering world geometry and calibrating cameras.",education,10,36
what is batch normalization in deep learning,Batch normalization normalizes inputs within each layer to stabilize and speed up training.,education,7,13
what are some effective ways to visualize the results of dimensionality reduction techniques like pca,"Scatter plots, heatmaps, and interactive visualization tools can help explore the relationships between data points in the reduced dimensional space.",education,15,20
what is the difference between model based and model free reinforcement learning,"Model-based reinforcement learning involves building a model of the environment and planning actions based on it, while model-free reinforcement learning learns directly from interactions with the environment without explicitly modeling it.",education,10,31
what is one of the major limitations of gans,"One major limitation of GANs is the difficulty in evaluating the quality of generated outputs, as well as the potential ethical concerns related to generating realistic fake data.",education,9,28
how does the self attention mechanism work in transformers,"The self-attention mechanism allows each element in a sequence to attend to all other elements, enabling the model to capture dependencies regardless of their distance in the sequence.",education,8,28
what is scikit learn in machine learning,"Scikit-learn is a Python library for machine learning, offering tools for data preprocessing, model building, evaluation, and more.",education,6,18
how do you set an index column in a dataframe,"Use df.set_index('column_name', inplace=True) to set a column as the index.",education,10,10
how do loss functions contribute to training neural networks,"Loss functions quantify the difference between predicted and actual values, guiding the neural network's learning process during optimization.",education,9,18
what is the role of model selection in the bias variance tradeoff,"Model selection involves choosing a model that balances bias and variance based on performance metrics, cross-validation results, and the complexity of the model.",education,11,23
why is it important to consider both precision and recall in model evaluation,Considering both precision and recall is important because they provide insights into the models performance in terms of both the relevance of the results (precision) and the ability to capture all relevant instances (recall).,education,13,34
what is the impact of feature selection on bias and variance,"Feature selection can help reduce variance by removing irrelevant features that may contribute to overfitting, and it can also impact bias depending on which features are selected.",education,11,27
what is natural language understanding nlu,"Here, the transcribed text from stage one is further analysed through AI techniques within the natural language understanding system. Certain NLP tasks such as Named Entity Recognition, Text Classification, Language modelling, etc. come into play here.",education,6,36
what is the role of ensemble methods in handling imbalanced data,"Ensemble methods can help handle imbalanced data by combining predictions from multiple models that may better capture minority classes, improving overall performance and robustness.",education,11,24
what is the query key and value in self attention,The Query Key and Value are three matrices that are used to compute the attention weights. The Query matrix represents the input data the Key matrix represents the context and the Value matrix represents the output.,education,10,36
how is the value of k chosen in k nn,The value of 'k' is usually chosen based on cross-validation to optimize classification accuracy.,education,9,14
what is stratified k fold cross validation,"Stratified k-fold cross-validation ensures that each fold is representative of the overall distribution of the target variable, preserving the proportion of classes in each fold.",education,5,25
what does the ar term in arima stand for and how does it work,The AR (AutoRegressive) term in ARIMA refers to a model where the current value of the time series is expressed as a linear combination of its previous values (lags). The order of the AR term (denoted as p) indicates the number of lagged values used in the model.,education,14,48
how do you prevent overfitting in neural networks,"Overfitting can be prevented using techniques such as regularization (L1, L2), dropout, early stopping, and using more training data.",education,8,19
what is a random forest in machine learning,A random forest combines multiple decision trees to improve accuracy and robustness.,education,8,12
how is entropy calculated,Entropy is calculated using the formula H(x) = -P(i) log2 P(i).,education,4,11
what is semi supervised learning,Semi-supervised learning uses a small amount of labeled data with a large amount of unlabeled data.,education,4,16
what is euclidean distance,"A measure of the straight-line distance between two points in a Euclidean space, often used in clustering.",education,4,17
what is unsupervised learning and what are some common algorithms,"Unsupervised learning discovers patterns in unlabeled data, and common algorithms include K-means clustering and dimensionality reduction techniques like PCA.",education,10,19
why might models trained in one environment fail in another,"Models may fail in new environments due to domain gaps, where the data in the new environment differs significantly from the training data.",education,10,23
what is the conclusion about accuracy precision and recall,Accuracy precision and recall are important metrics in evaluating the performance of a machine learning model and the choice of metric depends on the specific problem and dataset.,education,9,28
what is a confusion matrix,A confusion matrix is a table used to evaluate the performance of a classification model by comparing predicted and actual values.,education,5,21
what is accuracy in machine learning,The proportion of correct predictions made by the model out of the total predictions.,education,6,14
how do you create a dataframe,"Use pd.DataFrame(data) where data can be a dictionary, list, or other structures.",education,6,12
what does true negative tn mean,True Negative refers to the cases where the model correctly predicted the negative class.,education,6,14
what is the concept of mean absolute error mae,"MAE measures the average magnitude of errors in predictions without considering their direction, providing a straightforward evaluation of model performance.",education,9,20
how do you drop rows with missing values,Use df.dropna() to remove rows with missing values.,education,8,8
what is k means clustering,"An unsupervised learning algorithm that partitions data into k clusters, where each data point belongs to the cluster with the nearest mean.",education,4,22
what is smote,"Synthetic Minority Over-sampling Technique, a method for addressing imbalanced data by creating synthetic samples for the minority class.",education,3,18
what is an experience replay,A technique in reinforcement learning where past experiences are stored and reused to improve learning efficiency.,education,5,16
explain the concept of a kernel in convolutional neural networks cnns,"A kernel (or filter) is a small matrix that convolves over the input data to extract features such as edges, textures, or patterns in images.",education,11,25
what is a self supervised learning objective in transformer models,"Self-supervised learning in transformers involves training the model on a task where labels are derived from the input data itself, such as predicting masked tokens or the next sentence, enabling the model to learn representations without explicit labeled data.",education,9,39
what are some challenges associated with training cnns,"Challenges in training CNNs include dealing with large computational costs, preventing overfitting (especially on small datasets), managing large amounts of data, tuning hyperparameters like learning rate and batch size, and handling the vanishing or exploding gradient problem in very deep networks.",education,8,41
how is model performance affected by class imbalance,Class imbalance can lead to misleading accuracy metrics and may require specialized evaluation metrics or techniques.,education,8,16
what is logistic regression,Logistic regression is a statistical method used for binary classification problems. It models the probability that a given input belongs to a particular class using a logistic function.,education,4,28
explain the concept of a softmax policy in reinforcement learning,"A softmax policy selects actions based on a probability distribution derived from the Q-values, with higher Q-values leading to higher probabilities, enabling exploration while favoring better actions.",education,10,27
what is the sigmoid function in logistic regression,"The Sigmoid Function is an S-shaped curve that maps any real-valued number into a value between 0 and 1. It is defined as ( \sigma(y) = \frac{1}{1 + e^{-y}} ), where ( y ) is the input to the function.",education,8,40
what is the vanishing gradient problem,"A problem in training deep neural networks where gradients become very small, slowing down or preventing learning in earlier layers.",education,6,20
what is the role of the lagrangian multipliers in svm,Lagrangian multipliers are used in the dual formulation of SVM to optimize the objective function and determine the support vectors.,education,10,20
what are the assumptions of naive bayes,The main assumption of Naive Bayes is that all features are conditionally independent given the class label.,education,7,17
what is recursion in decision trees,Steps 1 and 2 are repeated on each subset until leaf nodes are found.,education,6,14
what is a labeled training set,A labeled training set is a training set that contains the desired solution (a.k.a. a label) for each instance.,education,6,19
how do you select a column in a dataframe,Access a column using df['column_name'] or df.column_name.,education,9,7
explain the concept of a latent space in vaes,"Latent space is a lower-dimensional representation of the input data in a VAE, where each point in this space corresponds to a potential output generated by the decoder.",education,9,28
what is the vanishing gradient problem and how does it affect cnns,"The vanishing gradient problem occurs when the gradients used to update the weights become very small as they are propagated back through the network, particularly in deep networks. This can slow down training or prevent the network from learning effectively. Techniques like ReLU activation and Residual Blocks help mitigate this problem.",education,12,51
what is a sigmoid function,"A function that maps input values to a range between 0 and 1, often used in binary classification problems.",education,5,19
what is word vec,Word2Vec is a machine learning model used to generate Word Embeddings.,education,3,11
what is the role of hyperparameter tuning in ensemble methods,"Hyperparameter tuning in ensemble methods involves selecting optimal parameters, such as the number of base models or learning rate, to improve the performance and generalization of the ensemble.",education,10,28
what is confusion matrix,Confusion matrix is a metric used to find the correctness and accuracy of the model. It can be used for classification problem.,education,4,22
explain the concept of stride in cnns,"Stride refers to the step size of the kernel as it moves across the input data during convolution, affecting the output dimensions and the amount of data reduction.",education,7,28
what is underfitting,"Underfitting occurs when a model is too simple to capture the underlying patterns in the data, resulting in poor performance on both training and test data.",education,3,26
what are some methods to improve knn efficiency,"Efficiency in KNN can be improved by using techniques like KD-Trees, Ball Trees, or approximate nearest neighbors to reduce the number of distance calculations.",education,8,24
what are stochastic policies in reinforcement learning,"Stochastic policies in reinforcement learning define a probability distribution over actions for each state, allowing for random action selection, which is useful for exploration and dealing with uncertainty in environments.",education,7,30
what is f score,"This metric combines precision and recall into a single metric that also represents the trade-off between accuracy and recall, i.e., completeness and exactness. (2 Precision Recall) / (Precision + Recall) is the formula for F1.",education,4,35
what is majority voting in ensemble methods,"Majority voting is a method for combining predictions from multiple models in an ensemble, where the final prediction is the class or value that receives the most votes from the base models.",education,7,32
what are features in bag of words,The features extracted from the text documents can be used for training machine learning algorithms.,education,5,15
what is transfer learning in the context of bert,Transfer learning with BERT involves leveraging pre-trained weights to enhance performance on new NLP tasks.,education,9,15
what is a fully convolutional network fcn and how does it differ from a traditional cnn,"A Fully Convolutional Network (FCN) is a type of CNN where the final fully connected layers are replaced by convolutional layers, allowing the network to output spatial maps instead of class scores. FCNs are often used for tasks like image segmentation.",education,16,41
what is scipy and how does it relate to numpy,"SciPy is a Python library built on top of NumPy, providing additional functionality for scientific computing, including optimization, integration, interpolation, and statistical functions.",education,10,23
what is the benefit of using student teacher networks,Student-teacher networks can be used to train a smaller neural network to mimic the behavior of a larger neural network reducing the number of parameters required.,education,8,26
what is feature engineering for sparse data,"Feature engineering for sparse data involves techniques to handle missing or zero values, such as imputation, normalization, or creating binary features.",education,7,21
what is the significance of the depth of trees in random forests,"The depth of trees in Random Forests affects the model's ability to capture complex patterns, with deeper trees allowing for more detailed splits but also increasing the risk of overfitting.",education,12,30
what are the key architectural features of alexnet,"AlexNet consists of 5 convolutional layers followed by 3 fully connected layers. It uses ReLU activation, max-pooling, and dropout for regularization, and was one of the first models to leverage GPUs for faster training.",education,8,34
what is a language model,A statistical model that predicts the next word in a sequence based on the preceding words.,education,5,16
what are some methods to prevent underfitting,"Methods to prevent underfitting include increasing model complexity, adding more features, or improving the quality of data used for training.",education,7,20
what is the difference between self attention and rnn based attention,Self-attention is different from RNN-based attention in that it does not use RNN units and calculates attention scores between words in a sequence directly.,education,9,24
what is a vision transformer vit,"A Vision Transformer (ViT) applies the transformer architecture, originally designed for NLP, to image classification by treating image patches as tokens, enabling the model to capture global context more effectively than traditional CNNs.",education,6,33
what is a generative adversarial network gan,"A GAN consists of two neural networks, a generator and a discriminator, that are trained simultaneously. The generator creates fake data, while the discriminator tries to distinguish it from real data.",education,7,31
what is the objective of the backpropagation algorithm,The objective of backpropagation is to update the weights of the network to minimize the error between the predicted and actual outputs.,education,8,22
how is vector similarity calculated,The document discusses how to calculate the similarity between two word vectors using cosine similarity.,education,5,15
what are the main types of neural networks in deep learning,"Types include feedforward, convolutional (CNNs), recurrent (RNNs), and generative adversarial networks (GANs).",education,11,12
what is mean squared error mse,A common loss function for regression tasks that measures the average of the squares of the errors between predicted and actual values.,education,6,22
how can we solve problems involving sequences of numbers,"We can solve problems involving sequences of numbers by finding a pattern from the examples (e.g., a function like ( f(x) = 2x^2 + 1 )) and using it to predict the next number or solve the problem.",education,9,38
what is a validation set,A subset of the training data used to tune model hyperparameters and assess model performance during training.,education,5,17
how are words sampled in random forest classifier,The words should not be uniformly sampled but rather automatically selected based on relevance.,education,8,14
how does spark achieve fault tolerance,"Spark achieves fault tolerance through lineage graphs, which help rebuild lost partitions. It can recompute lost partitions in parallel and use cached or checkpointed partitions if available.",education,6,27
what is bleu score,"Bilingual Evaluation Understudy, a metric for evaluating the quality of text generated by a machine, often used in translation tasks.",education,4,20
what is coreference resolution,Coreference resolution is the process of identifying all phrases that refer to the same entity in a text.,education,4,18
how does pruning improve a decision tree,"Pruning reduces the complexity of a Decision Tree, which helps in preventing overfitting and improving the model's performance on unseen data.",education,7,21
what is the f score and why is it important,"The F1 Score is the harmonic mean of precision and recall, providing a balance between the two metrics, especially useful when dealing with imbalanced datasets.",education,10,25
how can overfitting be detected,Overfitting can be detected by comparing the models performance on training and testing datasets.,education,5,14
what is a random forest,A Random Forest is an ensemble learning method that builds multiple Decision Trees and merges them to get a more accurate and stable prediction.,education,5,24
what is the emotion recognition api,The Emotion Recognition API can recognize emotions in images such as happiness sadness and anger.,education,6,15
what is random forest,An ensemble learning method that combines multiple decision trees to improve model accuracy.,education,4,13
how do you perform a left join on two dataframes,"Use pd.merge(df1, df2, how='left', on='key') to perform a left join.",education,10,10
what are some types of models mentioned for training in the ml process,"The models mentioned include Decision Trees, SVM (Support Vector Machines), Random Forest, Neural Networks, and Logistic Regression.",education,13,17
what is the role of cross validation in managing bias and variance,Cross-validation helps manage bias and variance by providing a more reliable estimate of model performance and assessing how well the model generalizes to unseen data.,education,11,25
how is data stored after extraction,Store the extracted data in a required format using Regular Expressions.,education,6,11
what is the pca transformation matrix,The PCA transformation matrix has dimension M by N and transforms each vector to a lower dimension M by a simple matrix multiply.,education,6,23
what is entropy,Entropy is a measure of uncertainty with higher entropy indicating more random data.,education,3,13
what are support vectors in svms,Support vectors are samples at the boundary that support the margin.,education,6,11
how does googlenet reduce the number of operations compared to traditional convolutional layers,"GoogLeNet introduces the concept of a 1x1 convolutional layer, which acts as a bottleneck layer. This layer significantly reduces the number of operations required by first reducing the depth (number of channels) before applying larger convolutional filters, leading to a reduction from 120 million to 12.4 million operations in the example provided.",education,13,52
how is self supervised learning applied in vision and nlp,"In vision, SSL is applied through tasks like predicting rotations, solving jigsaw puzzles, and inpainting. In NLP, it is applied through tasks like predicting masked words, sentence ordering, and context prediction. These tasks help in learning representations that can be used in downstream applications like image classification and language understanding.",education,9,50
what is the purpose of cross validation in model evaluation,Cross-validation is used to assess the model's generalizability by dividing the data into subsets and validating the model on each subset.,education,9,21
what is the optimal policy,The optimal policy is the policy that maximizes the expected cumulative reward.,education,5,12
what is bag of words,Bag-of-Words is a method to extract features from text documents.,education,3,10
how does quantization affect the precision of weight values,"Quantization reduces precision because it maps a range of original weight values to a single quantized value, which means some level of approximation is introduced.",education,9,25
what is a perceptron,"A Perceptron is a type of artificial neuron and the simplest form of a neural network used for binary classification tasks. It consists of inputs, weights, a bias, and an activation function. The Perceptron makes decisions by computing a weighted sum of the inputs and passing the result through the activation function to produce an output.",education,4,56
what is the significance of the experiment mentioned in the document,The experiment mentioned in the document involves applying a linear classifier to a multi-class classification problem using the Penguins dataset. The objective is to demonstrate the application of a linear classifier in a practical scenario.,education,11,35
what is underfitting,"Underfitting occurs when a model is too simplistic to learn the underlying structure of the data, resulting in poor performance on both training and test data.",education,3,26
how does cross validation handle imbalanced datasets,"Cross-validation can handle imbalanced datasets by using stratified sampling to ensure that each fold maintains the proportion of classes, or by using techniques like resampling to balance the classes.",education,6,29
why is padding used in cnns,"Padding is used to add extra pixels around the input data, typically to preserve the spatial dimensions of the output feature map after convolution. It also helps in preventing the loss of information at the borders of the input.",education,6,39
what is the equation of a simple linear regression model,"The equation of a simple linear regression model is y = mx + b, where y is the dependent variable, x is the independent variable, m is the slope, and b is the intercept.",education,10,34
what is cart,CART or classification and regression trees is a greedy algorithm that uses recursive binary splitting to build decision trees.,education,3,19
what are some examples of features that might be used in a binary classifier for job selection,"Examples of features include years of job experience, previous companies, and keywords in the resume.",education,17,15
how does bert handle out of vocabulary oov words,"BERT uses subword tokenization, which breaks down OOV words into known subwords or characters, allowing it to handle rare or unseen words.",education,7,22
what are some other variants of optimization algorithms,RMSprop Adagrad Adam Adadelta and etc.,education,8,6
what are some common algorithms used in unsupervised learning,"Clustering algorithms (like K-means), dimensionality reduction techniques (PCA, t-SNE), and association rule learning (Apriori algorithm) are frequently used.",education,9,18
what is gensim,Gensim is a Python package that serves as an interface to Word2Vec making it easy to load the Word2Vec model.,education,3,20
what is the primary goal of contrastive learning as described in the text,The primary goal of contrastive learning is to either bring two data points closer together or push them farther apart based on the desired outcome.,education,13,25
what are the limitations of k nn,k-NN can be computationally expensive for large datasets and sensitive to irrelevant or redundant features.,education,6,15
what is the concept of feature subsampling in random forests,"Feature subsampling in Random Forests involves randomly selecting a subset of features for each tree, promoting diversity among trees and reducing the correlation between their predictions.",education,10,26
what is pruning in decision trees,Pruning is the process of removing sub-nodes of a decision node.,education,6,11
what are some ethical considerations when using nltk for sentiment analysis on social media data,"Protecting user privacy, avoiding biased analysis, and being transparent about limitations and potential biases are crucial ethical considerations.",education,15,18
what does model training and testing involve,Model training and testing involve splitting the data into training and testing sets and evaluating the model performance using metrics such as accuracy precision and recall,education,7,26
what are some nlp tasks,NLP tasks include language modeling part-of-speech (POS) tagging named entity recognition and coreference resolution.,education,5,14
how does word vec represent words as vectors,Word2Vec uses neural networks to learn vector representations of words based on their context in a large corpus.,education,7,18
what is the concept of a cross validation fold,A cross-validation fold is a subset of the data used for training or testing during a specific iteration of the cross-validation process.,education,8,22
what is precision in machine learning,The ratio of true positive predictions to the total positive predictions made by the model.,education,6,15
how is the frequency of words handled in bag of words,The frequency of each word in the corresponding document is inserted.,education,11,11
what is self supervised learning,A type of learning where the model generates labels from the input data itself to learn useful representations.,education,4,18
what is the difference between the transformer model and traditional recurrent neural network architectures,The main difference between the Transformer model and traditional recurrent neural network architectures is that the Transformer model uses Self Attention to process input data whereas traditional recurrent neural network architectures use recurrent connections.,education,14,34
what is semi supervised learning,A learning approach that uses a small amount of labeled data and a large amount of unlabeled data for training.,education,4,20
how can eigen faces be used for facial recognition in security applications,"By comparing features extracted from an unknown face to known Eigen faces, systems can identify individuals with high accuracy.",education,12,19
what is a dense matrix,"A matrix where most of the elements are non-zero, typically found in lower-dimensional data.",education,5,14
what is bert and what does it stand for,BERT stands for Bidirectional Encoder Representations from Transformers. It is a pre-trained model for understanding the context of words in a sentence bidirectionally.,education,9,23
what are the challenges of programming distributed systems,Large number of resources Resources can crash or disappear Resources can be slow,education,8,13
what is a practical application of word vec,"A practical application of Word2Vec is in natural language processing tasks where understanding the relationships between words is crucial, such as in search engines and recommendation systems.",education,7,27
what is the significance of batch normalization in cnns,Batch normalization is a technique used to normalize the inputs to each layer within a mini-batch during training. It helps stabilize and accelerate training by reducing internal covariate shifts and allows the use of higher learning rates.,education,9,37
how do ensemble methods improve performance compared to single models,"Ensemble methods combine multiple models to leverage their strengths and reduce variance, leading to better overall performance.",education,10,17
how can simplifying a model help with overfitting,Simplifying a model by reducing its complexity or using fewer features can help prevent overfitting by making it less likely to fit noise in the training data.,education,8,27
why is dropout used in cnns,Dropout is a regularization technique used to prevent overfitting by randomly setting a fraction of the neurons in a layer to zero during training. This forces the network to learn more robust features and reduces reliance on any single neuron.,education,6,40
explain the concept of self attention in the transformer model,"Self-attention in the Transformer model calculates the importance of each word in a sentence relative to every other word, allowing the model to capture contextual relationships without relying on sequence order.",education,9,31
what is quantization error,"Quantization error is the difference between the actual float value and the approximated integer value used for storage, leading to some discrepancy when converting back.",education,4,25
what does the term false negative rate refer to,The false negative rate is the ratio of false negative predictions to the total actual positives.,education,9,16
what are the two main approaches to dimensionality reduction,The two main approaches are feature selection (selecting the best features or discarding irrelevant ones) and feature extraction (combining existing variables to form new features).,education,9,25
why is machine learning popular,Machine Learning is a very popular area now with many recent success stories and a lot of data available,education,5,19
what is deep q learning and how does it improve upon traditional q learning,"Deep Q-learning uses a neural network to approximate the Q-value function, allowing the algorithm to handle high-dimensional state spaces and complex tasks that are infeasible with traditional Q-learning methods.",education,12,29
how does the hidden state in an rnn work,"The hidden state in an RNN acts as a memory that captures information from previous time steps in the sequence. At each time step, the hidden state is updated based on the current input and the previous hidden state, allowing the RNN to maintain context over time.",education,9,47
what are the limitations of parameter efficient fine tuning peft,"PEFT struggles to match the performance of full fine-tuning, doesnt make inference more efficient, doesnt reduce the cost of storing large models, and requires full forward and backward passes.",education,8,29
how do decision trees contribute to ensemble methods like random forests,"Decision trees serve as base estimators in Random Forests, where multiple trees are built and aggregated to make predictions.",education,11,19
what are states in q learning,States are the current situation of the environment.,education,5,8
what is agglomerative clustering,"Agglomerative clustering is a bottom-up approach where initially, each data point is a cluster of its own, further pairs of clusters are merged as one moves up the hierarchy.",education,4,29
what is active learning and how does it reduce labeling costs,"Active learning involves selecting the most informative samples for labeling, which reduces the overall labeling cost by focusing resources on examples that significantly improve the model's performance.",education,11,27
what is the primary difference between the openai gpt and bert models,"The primary difference is that GPT uses a left-to-right Transformer, whereas BERT uses a bidirectional Transformer that is jointly conditioned on both left and right contexts.",education,12,26
what is the difference between model based and model free rl,"Model-based RL uses a model of the environment to plan actions, while model-free RL learns directly from interactions with the environment.",education,9,21
describe the activation function in a neural network,"An activation function introduces non-linearity into the output of a neuron, enabling neural networks to model complex relationships.",education,8,18
what tools does scikit learn offer for loss function,Scikit-Learn provides tools for calculating loss functions including mean squared error and cross-entropy.,education,8,13
how does byte pair encoding bpe handle rare words in the gpt model,"In GPT-2, rare words are decomposed into meaningful subwords using BPE, which helps the model to understand them better.",education,13,19
what does tail do,tail() returns the last 5 rows of a DataFrame.,education,4,9
what is a roc curve and what does the area under the curve auc represent,"A ROC curve plots the true positive rate against the false positive rate, and the AUC measures the overall ability of the model to distinguish between classes.",education,15,27
what is the exploding gradient problem in deep learning,"The exploding gradient problem happens when gradients become excessively large, causing unstable training.",education,9,13
what are some of the common nlp tasks,"Some of the common tasks of NLP include Machine Translation, Text Summarization, Language Modeling, Topic Modelling, Question Answering, Conversational Agent, Information Retrieval, Information Extraction and Text Classification.",education,8,27
what is stacking with different base models,"Stacking with different base models involves using a diverse set of base models to make predictions, which are then combined by a meta-model to improve the ensemble's overall performance.",education,7,29
how does the sarsa algorithm work in reinforcement learning,"The SARSA algorithm updates the Q-value based on the current state, action, reward, next state, and next action, following the actual policy being executed, hence ""on-policy.""",education,9,26
what are true positives tp true negatives tn false positives fp and false negatives fn,TP TN FP and FN are the four terms used to evaluate the performance of a binary classifier.,education,15,18
what is the main goal of support vector machines svm,The main goal of SVM is to find a hyperplane that best separates the data points of different classes with the maximum margin.,education,10,23
how is q learning used in energy management,Q-learning has been used in energy management to learn optimal energy consumption policies.,education,7,13
what tool is used to parse html data,Use Beautiful Soup to parse the HTML data and create a tree structure.,education,8,13
what are some common applications of bart in nlp,"BART is commonly used for text summarization, text generation, and machine translation, leveraging its ability to generate coherent and contextually accurate text.",education,9,22
how or why does overfitting occur,Word2Vec[1] is a machine learning model used to generate Word Embeddings with words which are similar to each other are in close proximity in vector space.,education,6,26
what is keras in deep learning,"Keras is a high-level neural network API that runs on top of TensorFlow, simplifying the process of building and training deep learning models.",education,6,23
how do kernels help svm handle non linearly separable data,"Kernels map data into a higher dimensional space where linear separation is possible, allowing SVMs to handle complex data patterns.",education,9,20
what are adversarial examples and why are they a concern in deep learning,"Adversarial examples are inputs intentionally designed to fool a model into making incorrect predictions, highlighting vulnerabilities in neural networks.",education,13,19
what is the elbow method,"A technique used to determine the optimal number of clusters in k-means by plotting the within-cluster sum of squares and identifying the ""elbow"" point.",education,5,24
whats the difference between series and dataframe,"A Series is a one-dimensional array, while a DataFrame is a two-dimensional table.",education,7,13
how do cnns handle overfitting,"CNNs handle overfitting through techniques like dropout, regularization, and data augmentation. These methods help prevent the model from memorizing the training data and improve generalization.",education,5,25
how does a generative adversarial network gan work,"A GAN consists of two neural networks, a generator and a discriminator, that are trained together. The generator creates synthetic data, while the discriminator tries to distinguish between real and generated data.",education,8,32
what are some limitations of the arima model,"Limitations of the ARIMA model include its assumption of linearity, its requirement that the data be stationary, and its difficulty in handling complex, nonlinear relationships in the data. ARIMA is also less effective with long-term forecasting, especially if the underlying patterns change over time. Additionally, selecting the correct values for p, d, and q can be challenging.",education,8,57
what are false positives,False positives are the cases when the actual class of the data point was 0(False) and the predicted is 1(True). False is because the model has predicted incorrectly and positive because the class predicted was a positive one. (1).,education,4,39
what is the main drawback of decision trees,"Decision Trees can easily overfit, especially when they become too complex with deep nodes, making them less generalizable to unseen data.",education,8,21
what is precision,Precision is the fraction of the positive predictions that are actually positive.,education,3,12
what is lightgbm,"LightGBM (Light Gradient Boosting Machine) is a gradient boosting framework designed for high efficiency and scalability, using techniques like histogram-based learning and leaf-wise growth.",education,3,24
what is the main advantage of alexnet over earlier cnn models,"AlexNet introduced deeper layers, ReLU activation, dropout for regularization, and used GPU acceleration, leading to significant improvements in image classification accuracy compared to earlier models.",education,11,25
how does overfitting affect a decision tree,"Overfitting in Decision Trees leads to poor generalization to new data, as the tree becomes too tailored to the training data.",education,7,21
what is bpe byte pair encoding in the context of transformers,"BPE is a tokenization technique that iteratively merges the most frequent pairs of bytes in a text, allowing transformers to efficiently handle rare and compound words by representing them as combinations of subword units.",education,11,34
what is a reward shaping technique in reinforcement learning,Reward shaping modifies the reward function to make learning more efficient and faster.,education,9,13
what is a reward shaping technique in reinforcement learning,"Reward shaping involves modifying the reward function to provide more informative feedback to the agent, guiding it towards desired behaviors and speeding up the learning process.",education,9,26
what are the limitations of k nn,k-NN can be computationally expensive and sensitive to irrelevant or redundant features.,education,6,12
how does the skip gram model in word vec differ from the cbow model,"Skip-gram predicts surrounding words from a given word, while CBOW predicts a central word from its surrounding context.",education,12,18
what is one hot encoding,"One-hot encoding is a technique for converting categorical features into a binary matrix, where each category is represented by a binary vector.",education,4,22
what are some common performance metrics used to evaluate machine learning models,"Common performance metrics include accuracy, precision, recall, F1 score, and area under the receiver operating characteristic (ROC) curve.",education,12,18
how does a decision tree determine the best split,"A decision tree determines the best split by evaluating criteria like Gini impurity, information gain, or mean squared error, depending on the problem type (classification or regression).",education,9,27
what is the role of segmentation in computer vision,"Segmentation in computer vision involves grouping similar parts of an image into meaningful regions, which is crucial for recognizing and reconstructing objects within a visual scene.",education,9,26
how does the concept of generalization apply to reinforcement learning,"Generalization in reinforcement learning refers to the ability of an agent to apply what it has learned from training in one environment or task to new, unseen environments or tasks.",education,10,30
what is self supervised learning,Self-supervised learning is a type of representation learning that enables learning good data representation from unlabelled dataset.,education,4,17
what is the role of the decoder in an autoencoder,The decoder in an autoencoder reconstructs the original input data from the compressed latent representation learned by the encoder.,education,10,19
what is unsupervised learning and how does it differ from supervised learning,"Unsupervised learning involves extracting patterns and relationships from unlabeled data, whereas supervised learning requires labeled data for training.",education,12,18
how can svms be used for regression tasks,Epsilon-insensitive loss functions and kernel trick are used to adapt SVMs for predicting continuous values.,education,8,15
how does high bias affect model performance,"High bias leads to underfitting, where the model is too simple to capture the underlying patterns in the data, resulting in poor performance on both training and test data.",education,7,29
what is semantic role labeling,"Semantic role labeling is the process of identifying the roles played by entities in a sentence (such as ""agent"" ""patient"" etc.).",education,5,21
how can the choice of k affect the accuracy of knn,"The choice of k can significantly affect the accuracy of KNN. A small k can lead to overfitting, while a large k can lead to underfitting. It is important to choose an optimal k based on the specific dataset.",education,11,39
what is an epsilon greedy strategy,A strategy in reinforcement learning where the agent chooses a random action with probability epsilon and the best-known action otherwise.,education,5,20
explain the concept of a decoder in sequence to sequence models,The decoder generates the output sequence by taking the context vector from the encoder and predicting each token step by step.,education,9,21
what is the key difference between a standard autoencoder and a deep autoencoder,A deep autoencoder has multiple layers in both the encoder and decoder allowing for more complex feature extraction.,education,13,18
what is the pseudo code for decision trees,The pseudo code for Decision Trees involves placing the best features at the root splitting the training set and repeating the process until leaf nodes are found.,education,8,27
how is named entity recognition ner used in nlp,"NER identifies and categorizes named entities (like names of persons, organizations, locations) within text.",education,9,14
what is a linear classifier,A linear classifier is a classification algorithm that makes its predictions based on a linear predictor function combining a set of weights with the feature vector.,education,5,26
how do you convert a dataframe to a dictionary,Use df.to_dict() to convert a DataFrame into a dictionary.,education,9,9
what is self attention,"A type of attention mechanism where each element in a sequence attends to all other elements, allowing the model to capture dependencies regardless of distance.",education,3,25
how is precision defined,Precision is the ratio of true positive predictions to the total positive predictions made by the model.,education,4,17
how do you check the shape of a dataframe,Use df.shape to get the number of rows and columns in a DataFrame.,education,9,13
what is text classification,Text classification is the process of assigning a category or label to a piece of text based on its content.,education,4,20
what is the role of word embedding models like word vec in tasks like sentiment analysis,"Word embeddings capture semantic relationships between words, allowing sentiment analysis models to understand the sentiment of a text based on the meaning of individual words and their context.",education,15,28
how does the concept of dataset size and similarity affect the transfer learning strategy,"The transfer learning strategy varies with dataset size and similarity: Large and similar dataset: Retain the architecture and initial weights, only customize the last layer for the number of classes. Large and different dataset: Train the model from scratch. Small and similar dataset: Dont fine-tune to avoid overfitting. Small and different dataset: Customize earlier layers and train the classifier.",education,14,59
what is the role of attention mechanisms in bert,"Attention mechanisms in BERT allow the model to weigh the importance of different words in a sentence, enabling it to capture contextual relationships effectively.",education,9,24
what is bootstrap in bagging,Bootstrap involves randomly drawing datasets with replacement from the training data each sample the same size as the original training set.,education,5,21
what is a convolutional layer in deep learning,A convolutional layer applies convolutions to capture local features like edges in images.,education,8,13
how does using uint data type affect the quantization process,Using `uint8` data type results in higher quantization error because it has a smaller range and lower precision compared to larger data types like `uint16` or `uint32`.,education,10,27
what is an activation function in deep learning,"An activation function adds non-linearity, allowing the network to learn complex patterns; examples include ReLU and sigmoid.",education,8,17
how do you retrieve and reverse the conversion of quantized weights,"To retrieve and reverse the conversion, you apply the reverse formula using the stored integer value, along with the min and max values stored on the hard disk, to get back the approximate original weight value.",education,11,36
who developed the support vector machine and when,The Support Vector Machine was developed by Vladimir Vapnik and Alexey Chervonenkis in 1963. Vapnik refined the method in the 1990s and extended its uses.,education,8,25
what is bessels correction,Bessels correction is used to correct the bias in the estimation of the population variance and standard deviation from a sample. It involves dividing by (n-1) instead of (n) when calculating the sample variance.,education,4,34
what is the advantage of mini batch gradient descent,Best of both worlds,education,8,4
what is k means clustering,"K-means clustering partitions data into K distinct clusters by minimizing the variance within each cluster, iteratively refining the cluster centers.",education,4,20
can svm handle nonlinearly separable data,"Yes, SVM can handle nonlinearly separable data by using kernel tricks to map data into a higher-dimensional space.",education,6,18
what is transfer learning in the context of cnns,"Transfer learning involves using a pre-trained CNN model on a new but related task. By leveraging the features learned from a large dataset, such as ImageNet, transfer learning allows for faster convergence and better performance on tasks with smaller datasets.",education,9,40
what is overfitting in machine learning,"Overfitting occurs when a model learns the training data too well, capturing noise and details that do not generalize to new, unseen data.",education,6,23
what is a dynamic convolution in transformers,"Dynamic convolution in transformers replaces the fixed self-attention mechanism with a convolution operation that adapts based on the input, improving efficiency and potentially enhancing performance on certain tasks.",education,7,28
what are the limitations of a single layer perceptron,"The main limitation of a single-layer Perceptron is that it can only solve linearly separable problems, meaning it can only classify data points that can be separated by a straight line (or hyperplane in higher dimensions). It cannot solve more complex problems, such as XOR, that require non-linear decision boundaries.",education,8,50
what are the common types of pooling used in cnns,Max pooling average pooling and sum pooling are common types of spatial pooling.,education,10,13
why is the concept of stereo geometry important in computer vision,"Stereo geometry is important in computer vision because it allows for depth perception by identifying common points in two camera views, which is essential for tasks like 3D reconstruction and autonomous navigation.",education,11,32
what is the covariance matrix,"The covariance matrix represents the covariance between dimensions as a matrix, where the diagonal elements represent variances and the off-diagonal elements represent covariances.",education,5,23
what is reinforcement learning,Reinforcement learning involves an agent learning from interactions with an environment to maximize rewards.,education,4,14
what are the input and output of an nlp system,Speech and Written Text are input and outputs of an NLP system.,education,10,12
how do hyperparameters influence the performance of machine learning models,Hyperparameters control the learning process of a model and tuning them can significantly impact a model's performance.,education,10,17
who proposed the term random forest and when,"The term ""random forest"" was first proposed by Tin Kam Ho of Bell Labs in 1995.",education,8,16
what is a denoising autoencoder,"A Denoising Autoencoder is designed to reconstruct the original input from a corrupted version of the data. By training on noisy inputs and clean outputs, it learns to remove noise and recover the underlying data, making it useful for tasks like image denoising.",education,5,43
how does the human visual system perceive depth in images,Depth perception in humans is achieved through binocular cues (like retinal disparity) and monocular cues (such as relative size or shading).,education,10,21
how is lora applied in neural network layers,"LoRA modifies the linear layers of a neural network by introducing low-rank matrices that are the only parts updated during training. The original model parameters are kept frozen, allowing for efficient fine-tuning.",education,8,32
what is a test set in machine learning,A test set evaluates a models performance after training.,education,8,9
what is an apprenticeship learning,"Apprenticeship learning is a type of imitation learning where the agent learns to perform tasks by observing and imitating an expert's actions, without needing a predefined reward function.",education,5,28
how is the true positive rate tpr calculated,"TPR, also known as recall, is calculated as the ratio of true positives (TP) to the sum of true positives and false negatives (TP + FN).",education,8,26
what is a learning curve,"A learning curve shows the model's performance over time or iterations, indicating how the model improves with more training data or epochs.",education,5,22
what is speech recognition and synthesis,"In the first stage, speech recognition helps convert speech signals to their phonemes, and are then transcribed as words.",education,6,19
what is a generative adversarial network gan,"A type of neural network that consists of a generator that creates data and a discriminator that evaluates its authenticity, used for tasks like image generation.",education,7,26
provide examples of unsupervised learning algorithms and their applications,"Examples of unsupervised learning algorithms include k-means clustering, hierarchical clustering, and principal component analysis (PCA).",education,9,15
what is zero shot learning,"A model's ability to correctly make predictions for new, unseen classes without having received any training examples for those classes.",education,4,20
why is data visualization important in data analysis,"Data visualization helps to communicate patterns, trends, and insights in data, making it easier for humans to understand complex information",education,8,20
what does the cart algorithm produce,CART produces either classification or regression trees depending on the dependent variable.,education,6,12
what is the role of interaction terms in regression models,"Interaction terms capture the combined effect of two or more predictors on the response variable, allowing the model to account for complex relationships and dependencies between predictors.",education,10,27
what is a feature in machine learning,An individual measurable property or characteristic of the data being analyzed.,education,7,11
what is a learning curve,A plot that shows how a model's performance improves with more training data or training time.,education,5,16
what role does the relu activation function play in cnns,ReLU activates positive values and zeros out negative values speeding up training and improving performance.,education,10,15
what are the common techniques for representing text in natural language processing nlp,"Common techniques for representing text in NLP include Bag-of-Words (BoW), TF-IDF (Term Frequency-Inverse Document Frequency), and word embeddings such as Word2Vec and GloVe.",education,13,23
what is the concept of shrinkage in regression,"Shrinkage refers to the technique of reducing the magnitude of regression coefficients through regularization, such as Ridge or Lasso, to improve model stability and prevent overfitting.",education,8,26
what is splitting in the context of decision trees,Splitting is the process of dividing a node into two or more sub-nodes based on the most important variable. This is done to create homogeneous subsets that provide accurate predictions.,education,9,30
what is word embedding,A representation of words in a vector space where similar words have similar vectors.,education,4,14
how does svm handle non linearly separable data,SVM uses kernel functions to map non-linearly separable data into a higher-dimensional space where it becomes linearly separable.,education,7,18
what are some techniques for regularization at the input level,Data augmentation,education,10,2
what do you mean by parts of speech pos tagging in nlp,"A Part-Of-Speech Tagger (POS Tagger) reads the text in a language and assigns parts of speech to each word (and other tokens), such as noun, verb, adjective, and so on. To label terms in text bodies, PoS taggers employ an algorithm. With tags like ""noun-plural"" or even more complicated labels, these taggers create more complex categories than those stated as basic PoS",education,12,62
what is the purpose of the relu activation function in cnns,The ReLU (Rectified Linear Unit) activation function introduces non-linearity into the network by setting all negative values in the feature maps to zero. This allows the CNN to learn more complex patterns and improves training efficiency.,education,11,36
what is feature transformation,"Feature transformation involves applying mathematical operations or functions to features to create new features or modify existing ones, such as taking logarithms or polynomial transformations.",education,4,25
what are foundation models and how do they differ from traditional models,"Foundation models are large, pre-trained models that use diverse data sources, such as images and text, to learn representations across different domains. They differ from traditional models by being more versatile and capable of handling various types of data and tasks.",education,12,41
what is a perceptron in neural network terminology,"A perceptron is the simplest form of a neural network unit, taking multiple binary inputs, applying weights, and producing a binary output.",education,8,22
how does a perceptron work,"A Perceptron works by taking multiple input values, multiplying each by its corresponding weight, and summing them up. A bias is added to this sum, and the result is passed through an activation function (usually a step function). The output is a binary value (0 or 1) that represents the classification decision.",education,5,52
what is the language text api,The Language/Text API can analyze text and provide information about the language sentiment and entities mentioned in the text.,education,5,19
why is the midpoint of the range used when mapping back from quantized weights,"The midpoint of the range is used when mapping back from quantized weights to approximate the original float value, as it represents the best estimate of the float value given the quantized integer range.",education,14,34
what is a softmax function in deep learning,The softmax function converts output values into a probability distribution for classification tasks.,education,8,13
what are ensemble methods,Ensemble methods are a type of machine learning algorithm that combines multiple models to improve performance.,education,4,16
what is the purpose of using k fold cross validation,The purpose of k-fold cross-validation is to provide a more reliable estimate of model performance by averaging results over multiple training and testing iterations.,education,8,24
what does the big data analytics process start with,"It starts with understanding the business problem, the current solution, and the Return on Investment (ROI).",education,9,16
what is the significance of the parameter k in knn,The parameter k represents the number of nearest neighbors to consider when classifying a sample. The choice of k can affect the accuracy of the classification.,education,10,26
what is the sigmoid function,"The sigmoid function is an S-shaped curve used in logistic regression to model probabilities, mapping any real-valued number into the range (0, 1).",education,5,23
what is the purpose of using multiple convolutional layers in cnns,"Multiple convolutional layers allow the network to learn more abstract and high-level features as the depth increases. Early layers learn basic features like edges, while deeper layers capture complex patterns and objects.",education,11,32
why are autoencoders considered unsupervised learning techniques and how does their approach to training differ from traditional supervised learning methods that rely on labeled data,Autoencoders are unsupervised as they learn patterns from unlabelled data by reconstructing inputs unlike supervised methods that require labeled examples.,education,25,20
how is distance measured in knn,"Distance in KNN is typically measured using Euclidean distance, but other metrics like Manhattan or Minkowski distance can also be used depending on the problem.",education,6,25
data be obtained for nlp projects scraping data from the web,Using coding in Python or other languages once can scrape data from websites that are usually not readily available in a structured form.,education,11,23
how does svm handle non linear data,"SVM handles non-linear data by mapping it to a higher-dimensional space using kernel functions, where it becomes linearly separable.",education,6,19
what is skip gram,Skip-Gram is another variant of Word2Vec that uses a word to predict the surrounding words in a specified window.,education,3,19
what is pytorch in machine learning,"PyTorch is an open-source deep learning framework developed by Facebook, known for its flexibility, dynamic computation graph, and ease of use.",education,6,21
what is a deterministic policy in reinforcement learning,"A deterministic policy in reinforcement learning maps each state directly to a specific action, providing a consistent response to each state but potentially limiting exploration.",education,8,25
what is a monte carlo simulation,A computational algorithm that relies on repeated random sampling to estimate the probability of different outcomes.,education,6,16
what are some challenges in implementing human in the loop systems in ai,"Challenges include ensuring the quality of human feedback, managing biases introduced by human intervention, and maintaining system usability.",education,10,18
what is the decision boundary in the context of a perceptron,"The decision boundary in a Perceptron is the hyperplane that separates the input space into two regions, corresponding to the two possible output classes (0 or 1). The position and orientation of this boundary are determined by the weights and bias of the Perceptron.",education,11,44
what is convergence in q learning,Convergence refers to the process of the Q-values converging to their optimal values.,education,5,13
what does value counts do,value_counts() returns a Series containing counts of unique values.,education,4,9
how do you reset the index of a dataframe,"Use df.reset_index(drop=True, inplace=True) to reset the index.",education,9,7
what is feature engineering,"Feature engineering is the process of creating, transforming, or selecting features to improve the performance of a machine learning model.",education,4,20
what are common splitting strategies in machine learning,Common splitting strategies include k-fold cross-validation leave-one-out cross-validation and holdout test set,education,8,12
how can margin based mechanisms enhance the objective function in contrastive learning,"Margin-based mechanisms, like those used in SVMs, can make the classification more robust by ensuring that similar items are closer together and dissimilar items are farther apart, enhancing the objective function's effectiveness.",education,11,32
what is a transformer encoder,A transformer encoder processes input sequences to generate contextual embeddings for each token.,education,5,13
what is regularization,A technique used to prevent overfitting by adding a penalty to the model's complexity.,education,3,14
what is the process of training and testing in machine learning,Training involves estimating the prediction function f by minimizing the prediction error while testing involves applying f to never before seen test examples and outputting predicted values,education,11,27
what is pandas and what are its main data structures,"Pandas is a Python library used for data manipulation and analysis. Its main data structures are Series (1D) and DataFrame (2D), which allow for easy handling of labeled data.",education,10,29
what are some real world examples where verification is preferred over classification,"Verification is preferred in situations like biometric authentication systems, such as fingerprint verification in the Aadhaar system in India or facial recognition at airport security checkpoints. In these cases, the system needs to confirm if the presented biometric matches a specific identity rather than classifying the input among many possible identities.",education,11,51
can you give an example of the importance of choosing the right metric,In a cancer detection example precision and recall are more important than accuracy.,education,13,13
what are receiver operating characteristic roc curves used for in machine learning,ROC curves visualize the performance of a classification model by plotting the true positive rate against the false positive rate across different thresholds.,education,12,23
what is natural language processing nlp,NLP is a field of computer science artificial intelligence and computational linguistics concerned with the interactions between computers and human (natural) languages.,education,6,22
what properties do word embeddings capture,Word Embeddings capture the relations between words such as similarity and analogy.,education,6,12
what problem does the document highlight with the basic seq seq model when dealing with long input sequences,"The problem is that the final encoder state h(T) has a fixed size and must represent the entire input sequence, which can be challenging for very long sentences.",education,17,28
what is model performance estimation in machine learning,Model performance estimation involves calculating the mean performance of the model across multiple runs,education,8,14
precision and recall is inversely related true or false,True.,education,9,1
how do the performance indices relate to each other,The performance indices are related in that higher model complexity and computational complexity can lead to higher accuracy but also increase memory usage and inference time.,education,9,26
q what are the components of the apache spark ecosystem,Components include: Spark Core: The foundation of Spark. Spark SQL: For SQL and structured data processing. Spark Streaming: For processing live data streams. MLlib: Machine learning library. GraphX: For graph processing.,education,10,31
what are support vectors in svm,Support vectors are the data points closest to the hyperplane. They are critical in defining the position and orientation of the hyperplane.,education,6,22
what is the difference between fine tuning and pre training,"Pre-training involves training a model from scratch on a large dataset, while fine-tuning adjusts a pre-trained model's weights on a new dataset to improve task-specific performance.",education,8,26
what is the curse of dimensionality in k nn,"The curse of dimensionality refers to the phenomenon where the feature space becomes increasingly sparse for high-dimensional data, making k-NN less effective.",education,8,22
what is a linear classifier,A linear classifier is a type of classifier that uses a linear decision boundary.,education,5,14
what are the challenges of applying cnns to text data,"Text data is inherently sequential and sparse, which can make it difficult for CNNs to capture long-range dependencies. This is often mitigated by using embedding layers or combining CNNs with RNNs.",education,10,31
what is precision,"Indicates how precise or exact the model's predictions are, i.e., how many positive (the class we care about) examples can the model correctly identify given all of them?",education,3,28
what is the objective function in a linear classifier,"The objective function often used is the loss function, such as hinge loss in SVMs or cross-entropy in logistic regression, which measures the error between predicted and actual labels.",education,9,29
how do you define a constructor in a python class,A constructor in a Python class is defined using the __init__ method. It initializes the attributes of the class.,education,10,19
explain the concept of word vec in nlp,"Word2vec is a technique that maps words to high-dimensional vectors, capturing semantic relationships between words by representing them in a continuous vector space.",education,7,23
what does applymap do,applymap() applies a function to every element of the DataFrame.,education,4,10
how easy are svms to use,SVMs are easy to understand and use like a flow chart.,education,6,11
what are some strategies to prevent or reduce overfitting,"Strategies include training with more data, reducing or removing features, early stopping, regularization, and ensembling.",education,9,15
explain k fold cross validation,"In k-fold cross-validation, the data is split into k equally sized folds. The model is trained on k-1 folds and validated on the remaining fold, repeated k times with each fold used as the validation set once.",education,3,37
how does dimensionality reduction help in preventing overfitting,"Dimensionality reduction helps by reducing the number of features, thereby simplifying the model and reducing the risk of overfitting.",education,8,19
what is relu,"Rectified Linear Unit, an activation function that outputs the input if it's positive, otherwise it outputs zero.",education,3,17
can you provide an example of vectorization in bag of words,"The vector for the first document ""It was the best of times"" is [1 1 1 1 1 1 0 0 0 0].",education,9,23
how does the siamese network apply in the context of person identification,"In person identification, Siamese networks are used to match across different views, often focusing on face recognition tasks. They are trained to reduce the distance between embeddings of the same person while increasing the distance between embeddings of different people.",education,12,40
what is a reward to go in reinforcement learning,"The reward to go refers to the sum of future rewards from a particular time step onward, used to update the policy in algorithms like policy gradients, focusing on the benefits of future actions.",education,9,34
data be obtained for nlp projects using publicly available datasets,Datasets for NLP purposes are available on websites like Kaggle as well as Google Datasets.,education,10,15
what are the advantages of using decision trees,"Advantages of decision trees include their interpretability, ability to handle both numerical and categorical data, and no need for feature scaling or normalization.",education,8,23
what is the vanishing gradient problem and how do resnets address it,"The vanishing gradient problem occurs when gradients diminish as they are propagated backward through deep networks, making it difficult to train the earlier layers. ResNets address this issue by introducing skip connections, which allow gradients to flow directly through the network, thereby preventing them from vanishing and enabling the training of much deeper networks.",education,12,54
how does bert handle input sequences longer than its maximum length,BERT truncates long sequences to fit within the maximum length or splits them into multiple segments processed separately.,education,11,18
how does meta learning differ from traditional reinforcement learning,"Meta-learning, or ""learning to learn,"" focuses on designing models that can adapt quickly to new tasks with minimal data, whereas traditional reinforcement learning typically requires extensive training on each new task.",education,8,31
how can data visualization be used to diagnose overfitting in nlp models,Visualizing the decision boundary of a model can help identify if it is too complex and overfitting the training data.,education,12,20
how popular are svms,SVMs are a popular tool widely used in machine learning.,education,4,10
what is the difference between training and testing in machine learning,Training is the process of making the system able to learn while testing is the process of evaluating the learned model,education,11,21
what is multicollinearity in regression,"Multicollinearity occurs when two or more independent variables in a regression model are highly correlated, which can lead to unstable coefficient estimates and reduced model interpretability.",education,5,26
what are the characteristics of a linear classifier,The characteristics of a linear classifier include: It involves ( (d-1) ) additions and ( d ) multiplications.It is simple at test time.It requires additional offline training to find the optimal weights.,education,8,32
what is polynomial feature generation,"Polynomial feature generation creates new features by taking polynomial combinations of existing features, enabling the model to capture non-linear relationships.",education,5,20
what is multidimensional scaling mds,MDS is a technique that finds a representation that best preserves pair-wise distances between samples in high and low dimensions.,education,5,20
what do you mean by a bag of words bow,"The Bag of Words model is a popular one that uses word frequency or occurrences to train a classifier. This methodology generates a matrix of occurrences for documents or phrases, regardless of their grammatical structure or word order. A bag-of-words is a text representation that describes the frequency with which words appear in a document.",education,10,55
what is scikit learn sklearn used for,"Scikit-learn (sklearn) is a Python library used for machine learning. It provides tools for classification, regression, clustering, dimensionality reduction, and model selection.",education,6,22
what are q learning extensions,There are several extensions to Q-learning including multi-agent Q-learning hierarchical Q-learning and transfer learning.,education,4,14
what are the computational characteristics of knn,"KNN requires n distance computations for each test sample, where n is the number of training samples. This makes it computationally intensive and storage-intensive, as it needs all training samples at test time.",education,7,33
what are the key hyperparameters that need to be set before training an autoencoder and how does each one influence the model s performance,Key hyperparameters include code size (affects compression level) number of layers (affects depth and complexity) nodes per layer (affects capacity) and loss function (affects training objectives).,education,23,26
what is the difference between categorical and numerical data,"Categorical data represents discrete categories, while numerical data represents continuous values.",education,9,11
what is feature engineering,The process of creating new features or modifying existing ones to improve the performance of a machine learning model.,education,4,19
what is pandas used for,Pandas is used for data manipulation and analysis in Python.,education,5,10
what transformers does scikit learn provide,Scikit-Learn provides tools for transforming data including feature scaling normalization and encoding.,education,5,12
what is an autoencoder,An Autoencoder is a type of neural network used for unsupervised learning that aims to learn a compressed representation (encoding) of input data. It consists of an encoder that compresses the input into a latent space representation and a decoder that reconstructs the original input from this compressed representation.,education,4,49
why is it important to train backbones with minimal human intervention,"Training with minimal human intervention is crucial because it allows for scalability, especially when dealing with huge datasets, which are necessary for general-purpose tasks.",education,11,24
what is feature engineering for anomaly detection,"Feature engineering for anomaly detection involves creating features that highlight deviations from normal patterns, such as statistical summaries or outlier indicators.",education,7,21
what is a prompt template in langchain,A Prompt Template in LangChain is an abstraction that allows the reuse of well-structured prompts in sophisticated applications. It helps in managing and organizing prompts that might be long or detailed?(LangChain_RAG).,education,7,31
what is the main advantage of word embeddings,They capture semantic relationships between words.,education,8,6
what are eigenvectors and eigenvalues in pca,"Eigenvectors determine the directions of the new feature space, and eigenvalues determine their magnitude. They are derived from the covariance matrix.",education,7,21
what is the impact of model compression on inference speed,"Model compression techniques, such as pruning, quantization, and distillation, typically lead to faster inference times by reducing the number of computations required, making models more suitable for real-time applications.",education,10,29
how does the training process differ for a verification model compared to a classification model,"In a verification model, the training process involves pairs of inputs and focuses on learning a representation that minimizes the distance between similar pairs and maximizes the distance between dissimilar pairs. This is different from classification models, which typically learn to map inputs directly to predefined classes without focusing on pairwise comparisons.",education,15,52
what is pooling in cnns,A technique used to reduce the spatial dimensions of a feature map by summarizing information in a region.,education,5,18
what is the purpose of storing min and max values in quantization,"Storing min and max values allows you to reconstruct the original weight range from the quantized values, facilitating the reverse mapping process needed for computations.",education,12,25
what is data augmentation,"A technique used to increase the diversity of training data by applying random transformations, such as rotations or translations.",education,4,19
what is accuracy in the context of model performance evaluation,Accuracy is the ratio of correctly predicted observations to the total observations.,education,10,12
how does the perceptron handle linearly inseparable data,"The Perceptron cannot handle linearly inseparable data effectively because it is limited to finding linear decision boundaries. For such data, a single-layer Perceptron will not converge to a correct solution. To handle linearly inseparable data, more complex models, such as multi-layer perceptrons or kernel methods, are needed.",education,8,47
what is the purpose of residual plots,Residual plots are used to visualize the residuals against fitted values or predictors to check for patterns that might indicate model inadequacies or violations of assumptions.,education,7,26
what is the role of neighbor words in bag of words,The neighbor words in a sentence should be useful for predicting the target word.,education,11,14
what is the latent space in an autoencoder,"The latent space in an Autoencoder is the lower-dimensional representation of the input data, typically at the bottleneck layer of the network. This latent space captures the most important features of the input, allowing the network to reconstruct the data from this compressed form.",education,8,44
what is lemmatization,The process of converting a word to its base or dictionary form.,education,3,12
what are some popular pre trained models mentioned in the document,"Some popular pre-trained models mentioned are AlexNet (2012), VGGNet (2014), Inception (2014), and ResNet-152 (2015). These models have been trained on large datasets and are widely used for transfer learning in various applications.",education,10,33
how does pca perform a linear mapping,PCA performs a linear mapping of the original data to a lower-dimensional space such that the variance of the data in the low-dimensional representation is maximized.,education,7,26
what is the performance of automatic speech recognition systems using dnn hmm and rnn ctc,DNN-HMM and RNN-CTC have been shown to improve the performance of automatic speech recognition systems by allowing the network to learn complex patterns in the input sequence.,education,13,27
can you explain how dropout regularization works in neural networks,"Dropout regularization randomly drops neurons during training, preventing them from co-adapting and improving the network's generalization ability.",education,10,17
what are decision trees,Decision Trees are a type of predictive learning algorithm used for both classification and regression.,education,4,15
how does t sne differ from pca in visualizing high dimensional data,"t-SNE preserves local similarities between data points, making it suitable for visualizing clusters, while PCA focuses on preserving global variance.",education,10,20
what is a support vector machine svm,"A Support Vector Machine (SVM) is a data classification method that separates data using hyperplanes. It is particularly useful for data with non-regularity, meaning data whose distribution is unknown.",education,7,29
what does true positive tp mean,True Positive refers to the cases where the model correctly predicted the positive class.,education,6,14
what is the role of feature engineering in model interpretability,"Feature engineering enhances model interpretability by creating features that are easier to understand and analyze, helping to explain how the model makes predictions.",education,10,23
what is a policy gradient theorem,"The policy gradient theorem provides a mathematical foundation for optimizing policies directly in reinforcement learning by computing gradients of expected rewards with respect to policy parameters, guiding the update of the policy.",education,6,32
what challenges are associated with named entity recognition in nlp,"Challenges include handling ambiguous names, recognizing entities in diverse domains, and addressing variations in naming conventions.",education,10,16
how can the limitations of a perceptron be addressed,"The limitations of a single-layer Perceptron can be addressed by using a multi-layer perceptron (MLP) with hidden layers and non-linear activation functions. This allows the network to learn complex, non-linear decision boundaries and solve problems that are not linearly separable.",education,9,40
how does triplet loss differ from traditional classification methods,"Triplet loss focuses on bringing a positive example closer to an anchor point than a negative example, while traditional classification methods generally involve assigning a label to each data point.",education,9,30
what is elastic net regression,"Elastic net regression combines L1 and L2 regularization, incorporating both Lasso and Ridge penalties to balance feature selection and coefficient shrinkage.",education,5,21
what should be considered when implementing uniform quantization,"When implementing uniform quantization, it's important to consider the trade-off between memory savings and precision loss, and how the chosen data type impacts the representation of weight values.",education,8,28
how does the hamming loss measure model performance,"Hamming loss measures the fraction of incorrect labels to the total number of labels, used in multi-class or multi-label classification problems.",education,8,21
what is weight decay and how does it work,Adds a term corresponding to weights into the objective function,education,9,10
what is a margin in svm,The margin is the distance between the decision boundary and the nearest data point of any class in SVM.,education,6,19
what is the main challenge in training deep neural networks,Finding global minima,education,10,3
what is a reward function in reinforcement learning,A reward function provides feedback on the desirability of actions taken in a state.,education,8,14
what is a cross validation procedure,"A cross-validation procedure is a sequence of steps involving splitting the data, training the model, evaluating performance, and repeating the process across different folds or iterations.",education,5,26
what is logistic regression,Logistic regression is a classification algorithm used to assign observations to a discrete set of classes.,education,4,16
what is the primary context in which the attention mechanism is explained in the document,The attention mechanism is explained in the context of language translation using the seq2seq (encoder-decoder) architecture.,education,15,16
what is the purpose of cross validation in regression,"Cross-validation is used to evaluate the performance and generalizability of regression models by partitioning the data into training and testing sets, ensuring that the model performs well on unseen data.",education,8,30
what is feature engineering,"The process of selecting, modifying, or creating features from raw data to improve the performance of a machine learning model.",education,4,20
how is the attribute selected in the id algorithm,The attribute with the smallest entropy (or largest information gain) value is selected.,education,9,13
what is a triplet loss function and what does it aim to achieve,The triplet loss function is used to ensure that the distance between an anchor and a positive sample (same class) is less than the distance between the anchor and a negative sample (different class) by at least a margin. It helps in expanding inter-class distance while shrinking intra-class distance.,education,13,49
explain the concept of syntactic and semantic analysis in nlp,"Syntactic analysis involves parsing the structure of sentences, while semantic analysis focuses on understanding the meaning of words and how they combine in context.",education,10,24
what kind of operations can word vec perform,"Word2Vec can extract the most similar words, measure the similarity between two words, and identify the odd word out in a group.",education,7,22
what is the primary purpose of berts masked language model mlm training objective,"The MLM objective involves masking some words in a sentence and training the model to predict them, helping it learn contextual word relationships.",education,13,23
what role does data augmentation play in mitigating overfitting,"Data augmentation involves generating additional training examples through transformations or perturbations, helping to increase dataset diversity and reduce overfitting.",education,9,19
how do you perform element wise operations,"Use arithmetic operators like +, -, *, / directly on DataFrames or Series for element-wise operations.",education,6,16
what are some limitations of decision trees,"Some limitations of decision trees include: They can become overly complex with too many branches, they may be prone to overfitting if not properly pruned, they can be sensitive to small changes in the data.",education,7,35
what is bag of words,Bag of Words is a method to extract features from text documents.,education,5,12
what is the difference between hierarchical and non hierarchical clustering,"Hierarchical clustering builds a tree of clusters, while non-hierarchical clustering assigns data points to clusters directly. Hierarchical clustering can be agglomerative or divisive.",education,9,23
what is the actor in the actor critic method,"The actor in the actor-critic method is responsible for selecting actions based on a policy, which is then evaluated by the critic to determine how to adjust the policy for better performance.",education,8,32
what are some strategies to reduce variance,"Strategies to reduce variance include using regularization techniques, reducing model complexity, using cross-validation, or adding more training data.",education,7,18
what is the hypothesis representation in logistic regression,"In Logistic Regression, the hypothesis is represented as ( h_\theta(x) = \sigma(\theta^T x) ), where ( \sigma ) is the sigmoid function and ( \theta^T x ) is the linear combination of input features.",education,8,34
what is the purpose of the fit function in keras,"The fit() function is used to train a model for a fixed number of epochs on a dataset. It takes the input data, labels, batch size, and number of epochs as arguments, and returns the training history.",education,10,37
what is a gradient descent,An optimization algorithm used to minimize the loss function by iteratively adjusting model parameters.,education,5,14
what is the role of masked self attention in vision transformers,"Masked self-attention in Vision Transformers prevents the model from attending to certain parts of the image, allowing it to focus on relevant regions and improve classification accuracy.",education,10,27
how do bagging and boosting differ in their approaches to building ensemble models,"Bagging builds models independently from different data subsets, while boosting trains models sequentially, focusing on data points where previous models made mistakes.",education,13,22
can a single layer perceptron implement xor why,No. Because XOR cannot be classified linearly.,education,7,7
how are unique words extracted in bag of words,The unique words from all the documents are extracted excluding punctuation.,education,7,11
describe the architecture and function of the encoder and decoder in an autoencoder how does the symmetry between these components benefit the reconstruction process,The encoder reduces input dimensions to a latent code and the decoder reconstructs the input from this code with symmetry ensuring accurate data reconstruction.,education,24,24
what is the purpose of model regularization in training arguments,"Regularization techniques like L1, L2, and dropout are included in training arguments to prevent overfitting by penalizing large weights or by randomly dropping units during training.",education,10,26
can you give an example of a pretext task used in nlp,"In NLP, a common pretext task is predicting the center word given a window of surrounding words, as seen in models like Word2Vec. Another example is predicting masked words in a sentence, which is used in models like BERT.",education,12,39
what is f score,"The harmonic mean of precision and recall, providing a balance between the two metrics.",education,4,14
why is the choice of metric important,The choice of metric is very important in evaluating the performance of a machine learning model.,education,7,16
what is the bag of words bow model,"The Bag of Words model is a method to extract features from text documents by considering the words and their frequency of occurrence, disregarding the semantic relationship between words.",education,8,29
what is a bert model in nlp,BERT (Bidirectional Encoder Representations from Transformers) is a transformer-based model for understanding context in text.,education,7,15
how does a character level language model differ from a word level model,"A character-level language model operates on individual characters, predicting the next character in a sequence, while a word-level model operates on entire words, predicting the next word in a sequence.",education,11,30
what is a confusion matrix in the context of ensemble methods,"A confusion matrix is a table used to evaluate the performance of classification models, including ensemble methods, by showing the number of true positives, true negatives, false positives, and false negatives.",education,11,31
why are only min and max values stored instead of the entire quantization function,"Only min and max values are stored because the quantization function can be derived from these values, making it unnecessary to store the entire function, which saves storage space.",education,14,29
discuss the key features of human perception and how they relate to machine perception,"Key features of human perception include pattern recognition, depth perception, and the ability to interpret visual and auditory stimuli.",education,14,19
what does a high f score represent,"A high F1 score represents a balance between precision and recall, with better overall performance.",education,7,15
how does the human in the loop approach contribute to machine learning models,"HITL involves human intervention in the learning loop, allowing humans to interact with the model, provide feedback, or assist in improving the model's performance.",education,10,24
what is the architecture of bert,BERT uses multiple layers of bidirectional transformers to learn contextual representations of text.,education,6,13
how do you extract rows based on index labels,Use df.loc[index_labels] to extract rows based on index labels.,education,9,9
what is the significance of the bellman equation in reinforcement learning,"The Bellman equation provides a recursive formula for calculating the value of a state or state-action pair, forming the foundation for many reinforcement learning algorithms by breaking down the problem of maximizing rewards into smaller, manageable pieces.",education,11,37
what is the difference between word embeddings and word vec,"Word Embeddings try to capture the semantic, contextual and syntactic meaning of each word in the corpus. Word2Vec takes in a large corpus of text as an input and produces a vector space with several hundred dimensions.",education,9,37
what is the pretext task in self supervised learning,The pretext task is a task that is designed to help the model learn a good representation of the data such as predicting the rotation of an image or the color of a video frame.,education,8,35
what is the role of cross validation in preventing overfitting,"Cross-validation helps prevent overfitting by evaluating the model's performance on multiple test sets, ensuring that the model generalizes well across different subsets of the data.",education,9,25
what is gradient boosting,A machine learning technique that builds a series of models where each model corrects the errors of its predecessor.,education,4,19
what is the purpose of using cross validation in ensemble methods,"Cross-validation is used in ensemble methods to evaluate model performance, tune hyperparameters, and ensure that the ensemble generalizes well to unseen data.",education,10,22
how many unigrams bigrams and trigrams can be generated for the sentence this is a sample text given for the assignment,"Unigrams: 9, bigrams: 8, trigrams: 7",education,21,6
what is stride in cnns,"Stride refers to the step size with which the filter moves across the input data. A stride of 1 means the filter moves one pixel at a time, while a stride of 2 means it moves two pixels at a time. Larger strides reduce the spatial dimensions of the output feature map.",education,5,52
what is the diffeerence between stochastic gradient descent batch gradient descent and mini batch gradient descent,Stochastic gradient descent updates the weights after evaluating each training sample. Batch gradient descent updates the weights only after all training examples have been evaluated. Mini batch gradient descent updates the weights after one iteration of every batch of data.,education,16,40
what is proximal policy optimization ppo in reinforcement learning,"PPO is a reinforcement learning algorithm that combines the advantages of TRPO and standard policy gradients, using a clipped objective function to maintain a balance between exploration and exploitation while ensuring stable updates.",education,9,33
what is a transformer decoder,A transformer decoder generates output sequences based on encoder outputs and previous tokens.,education,5,13
what can be extracted using web scraping,Web scraping can extract any data that can be seen while browsing the web.,education,7,14
what is transfer learning in deep learning,Transfer learning involves taking a pre-trained model and fine-tuning it on a new task. This is especially useful when you have limited training data.,education,7,24
what is the significance of the cls token in bert,"The [CLS] token represents the entire sequence for classification tasks, capturing aggregate information.",education,10,13
can you give an example of precision,In a cancer example with 100 people only 5 people have cancer and the model predicts every case as cancer the precision is 5%.,education,7,24
what is accuracy in model evaluation,Accuracy is the ratio of correctly predicted observations to the total observations.,education,6,12
what is a q table,A Q-table is a table that stores the Q-values for each state-action pair.,education,4,13
how do eigen faces capture the most significant variations in facial data,"Eigen faces represent the principal components of facial images, capturing key features like eye separation and nose shape.",education,12,18
what is average pooling and how does it differ from max pooling,"Average pooling reduces the spatial dimensions by taking the average of values in each sub-region, providing a smoother representation than max pooling.",education,12,22
what are some applications of dimensionality reduction techniques like pca in nlp,"Dimensionality reduction can be used for visualization, topic modeling, and improving the efficiency of other algorithms.",education,12,16
what is the design guideline for cnn architectures,The design guidelines include using less parameters same receptive field and more non-linearity.,education,8,13
how does the expectation maximization em algorithm work in unsupervised learning,EM is an iterative algorithm that estimates parameters in probabilistic models with hidden variables. It alternates between an expectation step and a maximization step.,education,10,24
how does active learning reduce labeling costs,"Active learning involves the model identifying the most informative samples for labeling, reducing the number of labels needed and, therefore, the overall cost.",education,7,23
what is the goal of the svm algorithm when finding the best hyperplane,The goal of the SVM algorithm is to find the hyperplane that maximizes the margins from both classes. The margin is the distance between the hyperplane and the closest data points from each class.,education,13,34
why is data visualization important in nlp and machine learning,"Data visualization helps us understand data distribution, identify patterns, and diagnose potential issues in the data.",education,10,16
what is the activation function in a perceptron,The activation function in a Perceptron is typically a step function (also known as the Heaviside function). It outputs 1 if the weighted sum of inputs is greater than or equal to a certain threshold (often 0) and outputs 0 otherwise. This function allows the Perceptron to make a binary classification.,education,8,51
how do you create a numpy array,"A NumPy array can be created using the np.array() function by passing a list or list of lists, e.g., np.array([1, 2, 3]).",education,7,22
what is the curse of dimensionality,"The phenomenon where the complexity of a model increases exponentially with the number of features, making learning difficult.",education,6,18
how do you filter rows based on a condition,"Use boolean indexing, e.g., df[df['column_name'] > value].",education,9,7
how does knn perform feature scaling and why is it important,"Feature scaling is important in KNN because it relies on distance metrics. Without scaling, features with larger ranges can dominate the distance calculation, skewing the results.",education,11,26
what are recurrent neural networks rnns used for,"RNNs are used for sequential data processing, such as time series forecasting, language modeling, and speech recognition. They are designed to maintain a memory of previous inputs to capture temporal dependencies.",education,8,31
what is a class in python,"A class in Python is a blueprint for creating objects. It defines a set of attributes and methods that the created objects will have. For example, the class Arithmetic_Operation includes methods for addition and multiplication.",education,6,35
what role do eigenvalues play in principal component analysis pca and eigenfaces,"Eigenvalues represent the variance along the principal components in PCA. In Eigenfaces, they capture the most significant variations in facial features.",education,12,21
what is robust regression,"Robust regression is designed to be less sensitive to outliers and deviations from assumptions, using methods like Huber loss or quantile regression to improve model stability.",education,4,26
how does the progressive gan improve upon traditional gans,"The Progressive GAN improves upon traditional GANs by progressively increasing the resolution of generated images during training, leading to more stable training and higher quality images.",education,9,26
what is iloc used for,iloc is used for integer-location based indexing to select rows and columns by their positions.,education,5,15
what is the significance of the g mean metric,"G-mean is the geometric mean of sensitivity and specificity, providing a balanced measure for imbalanced classification problems.",education,8,17
what is a markov decision process mdp,"A mathematical framework used to describe environments in reinforcement learning, where decisions lead to probabilistic outcomes.",education,7,16
what does a high recall indicate,A high recall indicates that the model successfully identifies most of the positive instances.,education,6,14
what is kevin murphy s definition of machine learning,Kevin Murphy defined Machine Learning in 2012 as algorithms that automatically detect patterns in data and use the uncovered patterns to predict future data or other outcomes of interest,education,8,29
what is the exploration exploitation trade off,The dilemma in reinforcement learning between exploring new actions to discover their effects and exploiting known actions to maximize reward.,education,5,20
explain the concept of a neural network,"A Neural Network is a computational model that consists of layers of neurons, which are connected by weighted edges. It learns by adjusting the weights based on the error in its predictions.",education,7,32
what are some common pitfalls of cross validation,"Common pitfalls of cross-validation include data leakage, improper shuffling of data, and not accounting for the time-dependence in time series data.",education,7,21
what does a high precision signify,A high precision signifies that the model makes few false positive predictions.,education,6,12
what are the differences between bert and gpt models,"BERT is bidirectional and focuses on understanding context, while GPT is unidirectional and designed primarily for text generation.",education,9,18
what is the concept of boosting convergence,"Boosting convergence refers to the process of improving model performance through successive iterations, where the algorithm continues to train until performance stabilizes or reaches a predefined criterion.",education,7,27
what is model compression,Model compression is a technique used to reduce the size of a neural network while maintaining its performance.,education,4,18
what are the key terms in apache spark,DAG RDD SparkContext Mesos YARN,education,8,5
what is the role of the activation function in the hidden layers of an mlp,"Activation functions in hidden layers introduce non-linearity, enabling the network to model complex patterns and relationships in the data.",education,15,19
what kind of tasks is bart particularly suited for,"BART is well-suited for text generation, summarization, and translation tasks due to its sequence-to-sequence architecture.",education,9,15
what is bagging with decision trees,Bagging with decision trees involves creating multiple decision trees on different bootstrap samples of the data and aggregating their predictions to improve accuracy and reduce variance.,education,6,26
what is the benefit of using the transformer model,The Transformer model is able to process input data in parallel making it much faster than traditional recurrent neural network architectures. It is also able to learn global and local features making it a powerful tool for natural language processing tasks.,education,9,41
how does the gradient descent optimization algorithm work in training neural networks,Gradient descent minimizes the error by iteratively adjusting the model parameters (weights) in the direction of the steepest decrease in the error gradient.,education,12,23
what are the types of logistic regression,Binary (e.g. Tumor Malignant or Benign) and Multi-class (e.g. Cats dogs or Sheep's).,education,7,13
what is the deep deterministic policy gradient ddpg algorithm,"DDPG is an off-policy actor-critic algorithm that combines the deterministic policy gradient with deep Q-learning, suited for continuous action spaces.",education,9,20
what is overfitting,"When a model performs well on training data but poorly on new, unseen data due to excessive complexity.",education,3,18
what is the purpose of pipeline in scikit learn,Scikit-Learn provides tools for building machine learning pipelines including chaining transformers and estimators together.,education,8,14
what is the main idea behind contrastive learning in the context of matching different types of data,The main idea is to bring together embeddings from different modalities if they mean the same thing and to separate them if they don't.,education,17,24
what is stemming in nlp,The process of reducing words to their base or root form.,education,5,11
what type of optimization do svms use,SVMs use convex optimization which means there are no local minima.,education,7,11
what is the difference between a kernel and a filter in cnns,"The terms kernel and filter are often used interchangeably in CNNs, both referring to the small matrix applied to the input data during convolution.",education,12,24
what is the role of validation sets in preventing overfitting during model training,"Validation sets are used to assess a model's performance during training, helping to detect overfitting and guide hyperparameter tuning.",education,13,19
why is it important to normalize data before training a neural network,"Normalizing data helps to scale features to a similar range, which speeds up convergence and improves model performance. It also ensures that the gradients don't explode or vanish during training.",education,12,30
what is distributed computing,Distributed computing is a system that includes several computational entities (nodes) where each entity has its own local memory and communicates by message passing over a network.,education,4,27
what is the significance of embedding spaces in contrastive learning,"Embedding spaces allow data from different modalities to come closer if they are similar, facilitating tasks like cross-modal synthesis and semantic transfer.",education,10,22
what role does motion play in human perception,"Motion helps in detecting and interpreting objects' movements in the environment, aiding in understanding spatial relationships.",education,8,16
what is summarized in the document,The document summarizes the key points including the importance of representing text in a meaningful way the techniques for doing so and the applications of Word2Vec.,education,6,26
what qualities should you consider when evaluating a classifier,"Consider classification philosophy, train time, test time, accuracy, interpretability, classification decision boundary, and RAM usage at test time.",education,9,18
what are the three r s of computer vision mentioned in the document,"The three ""R's"" of computer vision are Reorganization (segmentation), Recognition (connecting visual input to memory), and Reconstruction (measuring and recreating 3D models of what we see).",education,12,26
what is the impact of feature engineering on bias and variance,Feature engineering can affect both bias and variance by creating new features that help capture underlying patterns (reducing bias) or introducing complexity that may increase variance.,education,11,26
what are some common kernel functions used in svm classification,"Popular kernels include linear, Gaussian, and polynomial kernels, chosen based on the data and desired level of non-linearity.",education,10,18
what is a decision tree,"A decision tree is an algorithmic approach that helps in making decisions by breaking down a complex decision-making process into a series of simpler decisions. It consists of three main components: root node, leaf nodes, and branches.",education,5,37
what is principal component analysis pca,"PCA is a dimensionality reduction technique that transforms features into a new set of uncorrelated components, capturing the most variance in the data.",education,6,23
can you name four types of applications where it shines,"Machine Learning is great for complex problems for which we have no algorithmic solution, to replace long lists of hand-tuned rules, to build systems that adapt to fluctuating environments, and finally to help humans learn (e.g., data mining).",education,10,38
what is the concept of non linearity in regression,"Non-linearity in regression refers to relationships between predictors and the response variable that cannot be accurately modeled with a linear equation, often addressed using polynomial or non-linear regression techniques.",education,8,29
what advantage does using margin based mechanisms provide in contrastive learning,"Margin-based mechanisms make the model's classification more robust and useful by ensuring a clear separation between similar and dissimilar items, which is crucial in tasks like SVM.",education,10,27
what limitation is associated with gpt regarding its model structure,"A limitation of GPT-3 is that it is not bidirectional, which means it processes text in a unidirectional manner, potentially missing out on context that could be gleaned from both directions.",education,10,31
how does the code size affect an autoencoder s performance,Smaller code size results in higher compression and potential information loss while larger size retains more detail.,education,9,17
what is a feature engineering workflow,"A feature engineering workflow includes steps like data exploration, feature creation, transformation, selection, and evaluation, aimed at improving model performance.",education,6,20
what is the next step beyond fine tuning when transferring knowledge to new tasks,"Beyond fine-tuning, one can explore more advanced methods to transfer knowledge, potentially leading to better performance on new tasks with minimal data.",education,13,22
what is a policy iteration in reinforcement learning,"Policy iteration is an iterative algorithm that alternates between evaluating the current policy and improving it by selecting better actions based on the value function, until convergence.",education,8,27
how did alexnet leverage data augmentation in its training process,"AlexNet used data augmentation techniques like random cropping, horizontal flipping, and color shifting to artificially increase the size and diversity of the training dataset, which helped improve generalization.",education,10,28
what is one emerging concern with generative models like gans,"An emerging concern with generative models is the potential for them to be used to create realistic but fake data, raising ethical concerns about the misuse of such technology.",education,10,29
how does learning rate affect gradient descent,"The learning rate controls the step size in gradient descent. A small learning rate leads to slow convergence, while a large learning rate may overshoot the minimum, causing instability.",education,7,29
what is a deep deterministic policy gradient ddpg,"DDPG is an actor-critic reinforcement learning algorithm that combines deep Q-learning and policy gradients, designed for environments with continuous action spaces, using deterministic policies for the actor.",education,8,27
what do you mean by masked language modelling,"Masked language modelling is an NLP technique for extracting the output from a contaminated input. Learners can use this approach to master deep representations in downstream tasks. Using this NLP technique, you may predict a word based on the other words in the sentence.",education,8,44
what is the meaning of pragmatic analysis in nlp,"Pragmatic Analysis is concerned with outside word knowledge, which refers to information that is not contained in the documents and/or questions. The many parts of the language that require real-world knowledge are derived from a pragmatics analysis that focuses on what was described and reinterpreted by what it truly meant.",education,9,50
what is a support vector machine svm in machine learning,"SVM is used for classification and regression, finding the hyperplane that best separates data points.",education,10,15
what are some success stories of self supervised learning,Self-supervised learning has been successful in many applications including language and vision and has achieved impressive results competing with fully supervised learning.,education,8,22
can foundation models be trained with raw video data and text,"Yes, foundation models can be trained with raw video data along with text annotations to learn representations and make predictions, even when the data is not explicitly labeled in a traditional sense.",education,11,32
what is the purpose of hyperparameter tuning in ml models,Hyperparameter tuning optimizes model performance by finding the best set of hyperparameters that improve the model's accuracy and generalization.,education,10,19
name some commonly used kernels in svm,"Polynomial, radial basis function (RBF), and sigmoid kernels are frequently used in SVM for different types of data.",education,7,18
what is a recurrent neural network rnn,"A Recurrent Neural Network (RNN) is a type of neural network designed for sequential data. Unlike traditional neural networks, RNNs have connections that form directed cycles, allowing them to maintain a memory of previous inputs through hidden states, making them suitable for tasks like time-series analysis, language modeling, and speech recognition.",education,7,51
what is the significance of the confusion matrix in model evaluation,"The confusion matrix helps in understanding the performance of a classification model by showing the counts of true positives, true negatives, false positives, and false negatives.",education,11,26
what is imitation learning and how does it relate to reinforcement learning,"Imitation learning involves training an agent by mimicking expert behavior, using demonstration data to learn a policy without directly interacting with the environment, often used as a precursor or supplement to reinforcement learning.",education,12,33
what is a decision tree in machine learning,A decision tree uses a tree-like structure of decisions and their outcomes to make predictions.,education,8,15
what is the cost function in logistic regression,"The cost function in logistic regression, also known as the log-loss or binary cross-entropy loss, measures the difference between the predicted probabilities and the actual class labels.",education,8,27
what is a random forest classifier,A random forest classifier is an extension to bagging that uses de-correlated trees.,education,6,13
what is the concept of a hyperparameter in machine learning,"Hyperparameters are the parameters set before training a model (e.g., learning rate, batch size) that control the learning process and influence model performance.",education,10,23
how are cnns used in text classification tasks,"In text classification, CNNs apply convolutional filters over word embeddings to extract high-level features. These features are then fed into fully connected layers to classify the text into predefined categories.",education,8,30
why is naive bayes called naive,"It's called 'naive' because it assumes that all features are independent of each other, which is often not true.",education,6,19
what is the purpose of a validation set,A validation set is used to compare models. It makes it possible to select the best model and tune the hyperparameters.,education,8,21
what is a bert model in deep learning,"BERT (Bidirectional Encoder Representations from Transformers) is a pre-trained transformer model that captures context from both directions in a text, used for various NLP tasks.",education,8,25
how to handle small datasets in machine learning,Small datasets require special attention and techniques such as k-fold cross-validation and leave-one-out cross-validation are used to evaluate model performance,education,8,20
how are cnns adapted for speech spectrograms,"CNNs treat spectrograms as 2D images, applying 2D convolutions to capture time-frequency patterns. This enables the network to recognize audio features relevant for tasks like speech recognition or audio classification.",education,7,30
what is the difference between masked language modeling and autoregressive modeling,"Masked language modeling predicts missing words in context, while autoregressive modeling predicts the next word based on previous ones.",education,11,19
what are the applications of rnns,"RNNs are used in various applications involving sequential data, including natural language processing (NLP) tasks like language modeling, text generation, and machine translation, as well as time-series forecasting, speech recognition, and video analysis.",education,6,33
what are decision trees,Decision Trees are a type of classification algorithm.,education,4,8
what is training in machine learning,Training involves estimating the prediction function f by minimizing the prediction error,education,6,12
what is xgboost,XGBoost (Extreme Gradient Boosting) is an optimized implementation of gradient boosting that enhances performance and computational efficiency with regularization and parallel processing.,education,3,22
what is feature selection,"The process of selecting a subset of relevant features for use in model training, reducing dimensionality and improving performance.",education,4,19
what is a multiclass classifier,A model that predicts one of more than two possible outcomes for each input.,education,5,14
what is a hyperparameter in machine learning,A hyperparameter is a pre-set configuration that affects the model's learning process.,education,7,12
what happens to storage requirements when converting to bit fp precision,"Converting to 16-bit (FP16) precision halves the storage requirements, reducing it to 2 bytes per parameter.",education,11,16
what is gradient descent,Gradient descent is an optimization algorithm that iteratively updates model parameters to minimize a loss function. It moves in the direction of the negative gradient of the loss function.,education,4,29
what are some ethical considerations when involving humans in ai assisted decision making,"Ethical considerations include fairness, accountability, transparency, and ensuring the protection of sensitive information.",education,11,13
how can human expertise be integrated into the active learning process to improve nlp model performance,"Human annotators can label the most informative data points, allowing the model to learn more efficiently and achieve better accuracy with less labeled data.",education,16,24
what is the formula for precision,Precision = TP / (TP + FP),education,6,7
what are some common schedulers for learning rate scheduling,Step decay exponential decay cosine decay reduce on plateau and etc.,education,9,11
what is the purpose of an embedding layer in neural networks,"An embedding layer maps categorical data, like words, into dense vectors of fixed size, capturing relationships and similarities between them in the neural network's input.",education,11,25
describe the difference between shallow and deep neural networks,"Shallow neural networks have fewer layers, typically one hidden layer, while deep neural networks have many layers, allowing them to learn more complex patterns.",education,9,24
what are the steps involved in preprocessing data for nlp,"common pre-processing steps used in NLP software are Preliminaries, Common steps, Processing steps, Advanced Processing",education,10,15
what is stepwise selection,Stepwise selection is a method for selecting a subset of predictors in regression by adding or removing variables based on their,education,4,21
what is long short term memory lstm,A type of RNN that is designed to remember long-term dependencies and avoid the vanishing gradient problem.,education,6,17
how can principal component analysis pca be utilized for data visualization and what are eigenvalues in this context,"PCA is used for dimensionality reduction and data visualization. It transforms the data into a new coordinate system, and eigenvalues represent the variance captured by each principal component, guiding the selection of important features.",education,18,34
how does word vec handle words with multiple meanings or senses,"Word2Vec may struggle with polysemy. Context windows and training on large datasets help capture different meanings, but it may not always distinguish well.",education,10,23
what are the challenges of training rnns,"Training RNNs can be challenging due to issues like the vanishing and exploding gradient problems, difficulty in capturing long-term dependencies, and the need for significant computational resources. These challenges are often addressed using architectures like LSTM, GRU, and careful tuning of hyperparameters.",education,7,42
what are relational operations in word vec,Word2Vec can perform relational operations such as finding the most similar words.,education,6,12
what is catboost,CatBoost is a gradient boosting library that handles categorical features natively and reduces overfitting by using symmetric trees and ordered boosting.,education,3,21
what are the main components of a multi layer perceptron mlp,"MLPs consist of input, hidden, and output layers, with multiple neurons interconnected through weights.",education,10,14
how does a denoising autoencoder differ from a traditional autoencoder,"Unlike traditional autoencoders, Denoising Autoencoders are trained on noisy data and aim to reconstruct the clean data. This makes them more robust to noise.",education,10,24
what is the reward function in reinforcement learning,The reward function provides feedback,education,8,5
what is feature engineering for structured data,"Feature engineering for structured data includes techniques such as creating interaction terms, aggregating statistics, or encoding categorical variables.",education,7,18
what is the main challenge of using traditional triplet loss in deep learning,"Traditional triplet loss can suffer from slow convergence and instability, especially with a huge amount of training data, making it difficult to achieve optimal performance quickly.",education,13,26
what is the skip gram model,The Skip-Gram model is one of the two important models in Word2Vec which tries to predict context words out to some window size for each center word.,education,5,27
what is full form of nlu,NLU means Natural Language Understanding.,education,6,5
what is the continuous bag of words model,The Continuous Bag-of-Words model is another important model in Word2Vec which uses a sliding window over the text to form the input layer.,education,6,23
what are q learning variants,There are several variants of Q-learning including deep Q-learning double Q-learning and dueling Q-learning.,education,4,14
how does a decision tree work,"A decision tree works by starting at the root node and making decisions at each decision node based on the attributes of the data. These decisions split the data across branches, leading to different outcomes. The process continues until a final decision is reached at the leaf nodes.",education,6,48
what is the law of large numbers,A statistical theorem that states that the average of a large number of independent and identically distributed random variables will converge to their expected value.,education,7,25
what is gradient clipping and why is it used,Gradient clipping limits the size of gradients during backpropagation to prevent exploding gradients and ensure stable training in deep neural networks.,education,9,21
what is an inception module in deep learning,"An inception module is a network-in-network architecture that applies multiple convolutional operations with different kernel sizes in parallel, improving the ability to capture diverse features.",education,8,25
what is feature engineering for recommendation systems,"Feature engineering for recommendation systems involves creating features that capture user preferences, item characteristics, or interaction patterns to improve recommendations.",education,7,20
what is the purpose of cross validation in model evaluation,"Cross-validation assesses model performance by splitting the dataset into multiple folds, training on some folds, and validating on others to provide a more reliable estimate of the models generalization capability.",education,9,30
what is the significance of the sep token in bert,The [SEP] token separates segments in tasks involving multiple sentences or sequences.,education,10,12
what is the impact of choosing a low value for k in k fold cross validation,"Choosing a low value for k reduces computational cost but may provide a less reliable estimate of model performance, as fewer training-test splits are used.",education,14,25
what is the central limit theorem,"A statistical theory that states that the distribution of the sample mean of a large number of independent, identically distributed variables will be approximately normally distributed.",education,6,26
how does center loss function work with multi class classification,"Center loss ensures that all samples of a particular class are clustered together, and different classes are well separated in the embedding space.",education,9,23
how does berts pre training differ from barts pre training,"BERT is pre-trained using the MLM and Next Sentence Prediction tasks, while BART is pre-trained using a denoising autoencoder approach.",education,8,20
what is the problem with initializing all weights with zeros,Leads to neurons learning the same features,education,10,7
what is ensemble learning,Ensemble learning is a technique that combines multiple models (learners) to improve overall performance. It leverages the strengths of individual models to create a more robust predictor.,education,4,27
what is hindsight experience replay her,"HER is a technique in goal-oriented reinforcement learning where the agent reinterprets failed episodes as successful ones by altering the goal retrospectively, enabling learning from mistakes.",education,6,26
what is machine translation,Converting one human language to another is called Machine translation.,education,4,10
what is leave p out cross validation,Leave-p-out cross-validation is a variant of cross-validation where p data points are left out for testing while the remaining data points are used for training. This process is repeated for all possible combinations.,education,4,33
how is the precision recall curve different from the roc curve,"The Precision-Recall curve plots precision against recall, focusing on the performance of the model with respect to the positive class.",education,10,20
how does regularization impact model performance in the presence of underfitting,"While regularization helps prevent overfitting, excessive regularization can contribute to underfitting by overly constraining the model's capacity to learn from the data.",education,11,22
what is recall,Recall is the fraction of how much of the positive samples have been identified as such.,education,3,16
why is cross validation used,"Cross-validation is used to assess the generalization performance of a model, ensuring it performs well on unseen data and reducing the risk of overfitting.",education,4,24
what is overfitting in decision trees and how can it be prevented,"Overfitting occurs when a decision tree becomes too complex, capturing noise in the data. It can be prevented by pruning the tree, setting a maximum depth, or requiring a minimum number of samples per leaf.",education,12,35
what is morphological segmentation,Separate words into individual morphemes and identify the class of the morphemes is called Morphological Segmentation.,education,4,16
what are some key challenges in image segmentation in computer vision,"Key challenges in image segmentation include the need to balance classification and localization, as segmentation requires both a broad context for accurate classification and sensitivity to location for precise boundary detection.",education,11,31
how do you perform hyperparameter tuning,"Hyperparameter tuning involves searching for the best combination of hyperparameters using techniques like grid search, random search, or Bayesian optimization.",education,6,20
does bow help in predicting new words using semantic relationships,No.,education,10,1
what are some methods for making models more explainable,"Methods for improving model explainability include using saliency maps, sensitivity analysis (e.g., removing certain inputs to see how predictions change), and providing context-specific explanations tailored to the audience's needs.",education,9,29
what is multi label classification,A classification problem where each input can belong to multiple output classes simultaneously.,education,4,13
what is a pretext task in the context of self supervised learning,"A pretext task is an artificially created task that does not require manual labeling but is designed to train a model to learn useful features. Examples include predicting the rotation of an image, solving jigsaw puzzles, or filling in missing pixels in an image.",education,11,44
how does self supervised learning benefit large scale data scenarios,"Self-supervised learning enables models to learn from vast amounts of unlabeled data by creating surrogate tasks. This approach reduces the reliance on labeled data, making it scalable for large datasets.",education,8,30
what is data modeling,The practice of examining data objects and their relationships with other things is known as data modelling. It's utilised to look into the data requirements for various business activities.,education,4,29
what is the concept of bias variance tradeoff in decision trees,"In decision trees, the tradeoff is managed by adjusting tree depth; shallow trees have high bias and low variance, while deep trees have low bias and high variance.",education,10,28
what is the role of the code layer in an autoencoder and how does its dimensionality affect the compression achieved,The code layer represents compressed input data with its size controlling the degree of compression and information retention.,education,20,18
how are cnns used in image classification tasks,"In image classification, CNNs automatically learn features from input images through convolutional layers and use these features in fully connected layers to classify the images into predefined categories.",education,8,28
what is information extraction,Information extraction is the process of extracting specific information from text such as names dates and locations.,education,4,17
what is the difference between a hard margin and a soft margin in svm,A hard margin SVM does not allow any misclassification and requires a perfectly separable dataset. A soft margin SVM allows some misclassification to improve generalization.,education,14,25
what is k nearest neighbors knn,"K-Nearest Neighbors (KNN) is a simple, instance-based learning algorithm used for classification and regression tasks. It classifies a data point based on the majority class among its K-nearest neighbors.",education,5,29
what is spark sql and its optimization engine,Spark SQL allows for distributed in-memory computation on a massive scale and uses the Catalyst optimization engine to create physical execution plans and compile them directly to JVM bytecode.,education,8,29
what is deep compression,Deep compression is a technique used to compress neural networks by combining pruning quantization and Huffman coding.,education,4,17
how does regularization impact model performance in the presence of overfitting,"Regularization helps reduce overfitting by penalizing large coefficients or complex models, leading to improved generalization performance on unseen data.",education,11,19
what are some of the ways in which data augmentation can be done in nlp projects,"The ways in which data augmentation can be done in NLP projectsReplacing entities are TF-IDFbased word replacement, Adding noise to data, Back translation, Synonym replacement, Bigram flipping.",education,16,27
what is the role of regularization parameters in managing bias and variance,"Regularization parameters, such as lambda in L1/L2 regularization, control the tradeoff between bias and variance by penalizing model complexity and preventing overfitting.",education,12,22
what is isomap and how does it work,ISOMAP is a method that measures distances along the manifold by connecting each data point to its k nearest neighbors in high-dimensional space and computing the low-dimensional embedding.,education,8,28
what is global minima in the context of optimization,Global minima refer to the lowest point in the entire loss function landscape. It is the optimal solution where the model achieves the lowest possible loss.,education,9,26
what is the equation of a logistic regression model,"The logistic regression model is represented by log(odds) = b0 + b1x1 + ... + bnxn, where odds = p/(1-p) and p is the probability of the positive class.",education,9,29
what is the bias variance tradeoff in the context of neural networks,"In neural networks, the bias-variance tradeoff is managed by adjusting network architecture, such as the number of layers and neurons, and applying techniques like dropout and regularization.",education,11,27
how can unsupervised learning techniques be applied to tasks like text summarization,"Unsupervised topic modeling can identify key themes in a text, which can be used to generate concise summaries.",education,12,18
how should one approach problem characterization in machine learning projects,"One should clearly define the problem, understand the learning setting, identify constraints, and explore available solutions and strategies to effectively address and resolve domain gaps and other challenges.",education,10,28
how does the choice of the number of principal components impact the performance of pca in dimensionality reduction,Choosing the right number of principal components balances between reducing dimensionality and preserving enough information to prevent loss of significant features.,education,18,21
what does duplicated do,duplicated() returns a boolean Series indicating duplicate rows.,education,4,8
what is a decision tree,A Decision Tree is a supervised learning algorithm used for classification and regression. It splits the data into subsets based on feature values.,education,5,23
what are deeper techniques from nlp,Deeper techniques include using N-gram representations identifying named entities and learning representations.,education,6,12
what is the significance of the margin in svm,The margin is the distance between the separating hyperplane and the closest data points from each class. Maximizing this margin helps in creating a more generalized decision boundary that can better classify new data points.,education,9,35
can tsne be used to visualize high demension datasets,Yes.,education,9,1
how can cross validation be used for time series data,"For time series data, cross-validation techniques such as time series cross-validation or rolling window cross-validation are used to maintain the temporal order of observations while evaluating model performance.",education,9,28
what is the main contribution of the attention is all you need paper,"The ""Attention Is All You Need"" paper introduced the Transformer model, which relies entirely on self-attention mechanisms and discards recurrent and convolutional layers, revolutionizing NLP by enabling parallelization and better handling of long-range dependencies.",education,13,34
what is a gradient,"The derivative of the loss function with respect to the model's parameters, used to update the parameters during training.",education,4,19
what is an epoch in machine learning,One complete pass through the entire training dataset during the learning process.,education,7,12
how does knn handle multi class classification,"KNN handles multi-class classification by assigning the class that is most common among the k-nearest neighbors, irrespective of the number of classes.",education,6,22
how does self attention help in contextual understanding,Self-attention helps in contextual understanding by allowing the model to understand the meaning of a word in a given sentence by considering the surrounding context.,education,7,25
what is the root mean squared error rmse,"The root mean squared error (RMSE) is the square root of the mean squared error (MSE), providing a measure of the average magnitude of prediction errors in the same units as the response variable.",education,8,34
what is the purpose of pruning in neural networks,"Pruning aims to compress neural networks by removing redundant parameters, which have negligible value and can be ignored without affecting the model's performance. This reduces the model's size and computational complexity.",education,9,31
what is model evaluation,Model evaluation is an important step in the creation of a model. It aids in the selection of the best model to represent our data and the prediction of how well the chosen model will perform in the future.,education,4,39
can perceptrons handle complex non linear relationships in data,"No, single perceptrons are limited to linear separation, but multi-layer perceptrons can handle non-linearities.",education,8,14
how do you get a random sample of rows,Use df.sample(n=number) to get a random sample of number rows.,education,9,10
explain the concept of dimensionality reduction in unsupervised learning,"Dimensionality reduction reduces the number of features in a dataset while retaining important information, aiding visualization and mitigating the curse of dimensionality.",education,9,22
how does the svm handle non linear data,"SVM handles non-linear data by transforming it into a higher-dimensional space using kernel functions, making it linearly separable.",education,7,18
what role do hidden layers play in a multi layer perceptron,"Hidden layers transform inputs into higher-level representations, allowing MLPs to learn complex relationships in the data.",education,10,16
explain the role of nltk in natural language processing,"NLTK (Natural Language Toolkit) is a library in Python that provides tools and resources for working with human language data, such as tokenization, stemming, and part-of-speech tagging.",education,9,27
how do you split data into training and testing sets using scikit learn,"Data can be split using sklearn's train_test_split() function, e.g., X_train, X_test, y_train, y_test = train_test_split(X, y, test_size=0.2).",education,12,17
what are some key features of apis,"Key features of APIs include input/output mechanisms, rate limits, and authentication methods such as HTTP auth, API keys, and OAuth.",education,7,20
what is the importance of speech technologies,Speech technologies are important for better human machine interaction information security and authentication speech based smart appliances multilingual speech systems and as a navigator for disabled people.,education,7,27
what is a gru and how does it differ from an lstm,"A GRU (Gated Recurrent Unit) is a type of RNN that is similar to an LSTM but with a simplified architecture. GRUs have only two gates (reset and update gates) instead of the three gates in LSTMs, making them computationally more efficient while still capturing long-term dependencies.",education,12,47
what is the purpose of tokenization in nlp,To split text into smaller units like words or subwords for easier processing.,education,8,13
what is word vec,Word2Vec is a method that uses a vector to represent a word.,education,3,12
what is the difference between arima and sarima,"ARIMA models are suitable for non-seasonal data, while SARIMA (Seasonal ARIMA) extends the ARIMA model to handle seasonal data by incorporating additional seasonal terms (seasonal AR, seasonal differencing, and seasonal MA). SARIMA is used when the time series exhibits a repeating seasonal pattern.",education,8,43
what is the impact of using cross validation for model comparison,Using cross-validation for model comparison provides a more robust and fair evaluation of different models by averaging performance metrics across multiple folds or iterations.,education,10,24
what is text classification,"This is used to create a bucket of categories of a given text, based on its content. This is used in a wide variety of AI-based applications such as sentiment analysis and spam detection.",education,4,34
how does berts fine tuning process work,BERT is fine-tuned by adding task-specific layers on top of the pre-trained model and training it on task-specific datasets to adapt it for various NLP tasks.,education,6,26
what is a confusion matrix and how is it used in classification,"A confusion matrix is a table that summarizes the performance of a classification model by showing the true positives, true negatives, false positives, and false negatives.",education,12,26
what is the difference between precision and recall,"Precision focuses on the accuracy of positive predictions, while recall focuses on the ability to identify all positive instances.",education,8,19
what is the soft margin in svm,The soft margin in SVM allows for some misclassification of data points to enable a better overall classification.,education,7,18
how can synthetic data be used in machine learning,"Synthetic data can be generated and used to supplement real data, particularly when labeled data is scarce or expensive to obtain.",education,9,21
what is language modeling,"Based on the history of previous words, this helps uncover what the further sentence will look like. A good example of this is the auto-complete sentences feature in Gmail.",education,4,29
what is glove,GloVe is a technique for representing words as vectors based on how frequently words co-occur with one another.,education,3,18
how does batch normalization improve neural network training,"Batch normalization standardizes the inputs to a layer by subtracting the mean and dividing by the standard deviation, improving training stability and speed.",education,8,23
explain the concept of reinforcement learning,Reinforcement learning is a type of machine learning where an agent learns to make decisions by taking actions in an environment to maximize cumulative reward.,education,6,25
why is it necessary to have both quantized and original weights in the model,"It is necessary to have both quantized and original weights in the model to save memory space while storing the model, and to ensure that the original float weights can be accurately used for computations during inferencing.",education,14,37
how does the purpose of an explanation affect the level of detail required,"The purpose of an explanation determines the level of detail needed. Explanations for academic or scientific purposes may require detailed, quantitative insights, while explanations for general understanding or legal contexts might be more conceptual.",education,13,34
what is the difference between cross validation and bootstrap sampling,"Cross-validation involves partitioning the data into training and test sets multiple times, while bootstrap sampling involves generating multiple training samples with replacement and evaluating model performance on out-of-bag samples.",education,9,29
what is principal component analysis pca,A dimensionality reduction technique that transforms the data into a new coordinate system where the first few axes capture the most variance.,education,6,22
what is transfer learning,A technique where a pre-trained model on one task is adapted to perform a different but related task.,education,4,18
how much gpu ram is required to store a model with billion parameters using bit precision,Storing a model with 1 billion parameters using 32-bit precision requires 4GB of GPU RAM.,education,17,15
what is the id algorithm in decision tree training,The ID3 (Iterative Dichotomiser 3) algorithm is used to generate a decision tree by selecting the attribute with the smallest entropy or largest information gain at each iteration and splitting the dataset based on that attribute.,education,9,36
what is the effect of adding regularization on bias and variance,Adding regularization typically increases bias (by penalizing large coefficients) but reduces variance (by simplifying the model and preventing overfitting).,education,11,19
what are the advantages of bert over traditional nlp models,BERT captures context from both directions and improves accuracy on various NLP tasks compared to traditional models.,education,10,17
what is the primary purpose of word vec,The primary purpose of Word2Vec is to capture the relationships between words and cluster similar words together in vector space.,education,7,20
what does idf measure,IDF measures the rarity of a word across all documents.,education,4,10
what does the y intercept c represent in the quantization line equation,"The y-intercept (c) represents the value at which the line intersects the y-axis and is calculated as -m * min, where m is the slope of the line and min is the minimum value of the original weights.",education,11,38
what is stemming and why is it used in text processing,"Stemming is the process of reducing words to their root or base form. It helps in grouping variations of words to a common root, simplifying analysis.",education,11,26
what is machine learning,Machine learning develops algorithms that allow computers to learn patterns from data with minimal human intervention.,education,4,16
what is sentiment analysis,The process of determining the sentiment or emotion expressed in a piece of text.,education,4,14
what is conversational agent,"These are basically voice assistants that we commonly see such as Alexa, Siri, Google Assistant, Cortana, etc.",education,4,17
can you name four common unsupervised tasks,"Common unsupervised tasks include clustering, visualization, dimensionality reduction, and association rule learning.",education,7,12
what tools does scikit learn offer for training model building,Scikit-Learn provides tools for building machine learning models including regression classification clustering and SVM.,education,8,14
what is the effect of decreasing model complexity on bias and variance,"Decreasing model complexity typically increases bias but reduces variance, making the model simpler but less likely to overfit the training data.",education,12,21
what are word embeddings,Word Embeddings are vectors that represent words in a high-dimensional space.,education,4,11
explain the concept of hierarchical reinforcement learning,"Hierarchical reinforcement learning breaks down complex tasks into simpler subtasks, each with its own policy, allowing the agent to learn and solve large-scale problems more efficiently.",education,7,26
what is the purpose of stemming in nlp,"Stemming reduces words to their root form, aiding in text normalization by treating different forms of a word as the same.",education,8,21
how can pre trained backbones be used for downstream tasks,"Pre-trained backbones can be fine-tuned with additional layers or small networks for specific downstream tasks, such as classification or detection.",education,9,20
what is the purpose of the stride in cnns,Stride controls how many cells the filter moves across the input to compute the next value affecting the size of the output feature map.,education,9,24
what is sentiment analysis,Sentiment analysis is the process of determining the emotional tone or attitude of a piece of text.,education,4,17
what is policy improvement in reinforcement learning,"Policy improvement is the process of refining a policy based on value function estimates, choosing actions that increase the expected return, and iterating between policy evaluation and policy improvement to converge on the optimal policy.",education,7,35
what is dropout,A regularization technique in neural networks where randomly selected neurons are ignored during training to prevent overfitting.,education,3,17
how does early stopping help in training neural networks,"Early stopping prevents overfitting by halting training when the model's performance on a validation set starts to deteriorate, even if training loss continues to decrease.",education,9,25
what is xlnet and how does it improve over bert,"XLNet is a transformer model that extends BERT by using a permutation-based training approach, capturing bidirectional context without the need for masking, leading to better performance on certain NLP tasks.",education,10,30
can you list all the hyperparameters you can tweak in a basic mlp,"Here is a list of all the hyperparameters you can tweak in a basic MLP: the number of hidden layers, the number of neurons in each hidden layer, and the activation function used in each hidden layer and in the output layer.",education,13,42
inverse document frequency is a scoring of how rare the word is across documents true or false,TRUE,education,17,1
how does logistic regression handle multiple classes,"Logistic Regression handles multiple classes using techniques like One-vs-Rest (OvR) or One-vs-One (OvO). In OvR, a separate binary classifier is trained for each class against all other classes. In OvO, a separate binary classifier is trained for every pair of classes.",education,7,41
what is a light weight convolutional transformer lc transformer,LC-Transformer combines the strengths of convolutional layers and transformers to create a model that is both efficient and capable of capturing long-range dependencies.,education,7,23
what are some limitations of reinforcement learning,"Limitations include the need for large amounts of data and computation, difficulties in dealing with high-dimensional and continuous state-action spaces, and challenges in specifying appropriate reward functions.",education,7,27
what are some strategies to reduce bias,"Strategies to reduce bias include increasing model complexity, using more features, or adding interaction terms to capture more patterns in the data.",education,7,22
what is the bias variance tradeoff,The tradeoff between a model's ability to generalize to new data (low bias) and its sensitivity to the training data (low variance).,education,5,22
what is the performance of indian lid systems using dnns,Indian LID systems using DNNs have been shown to achieve state-of-the-art performance on various evaluations including the IIITH-ILSC database.,education,10,19
what are principal components in pca,"Principal components are the directions in which the data shows the largest variation, derived from the covariance matrix.",education,6,18
what is the monte carlo method in reinforcement learning,"The Monte Carlo method estimates value functions by averaging the returns (total rewards) of multiple episodes, where each episode is a sequence of actions and rewards from start to finish.",education,9,30
what should be considered when explaining model predictions in legal contexts,"In legal contexts, explanations should be thorough and defensible, addressing the specific factors that influenced predictions and how they align with legal standards and requirements for transparency and accountability.",education,11,29
what is the significance of the voting mechanism in ensemble methods,"The voting mechanism determines how the predictions from multiple base models are combined to make a final decision, such as majority voting for classification or averaging for regression.",education,11,28
what is t and how does it approach nlp tasks,"T5 (Text-To-Text Transfer Transformer) treats all NLP tasks as a text-to-text problem, enabling the model to perform tasks like translation, summarization, and classification by simply feeding it text inputs and expecting text outputs.",education,10,33
what is function approximation in reinforcement learning,"Function approximation involves using models, like neural networks, to estimate value functions or policies when dealing with large or continuous state and action spaces, making reinforcement learning feasible in complex environments.",education,7,31
how does the update gate in a gru function,"The update gate in a GRU controls the extent to which the previous hidden state is carried forward to the next time step. It combines the functions of the input and forget gates in an LSTM, determining how much of the past information to retain and how much of the new input to incorporate.",education,9,54
what is an example of a high variance model,"An example of a high-variance model is a deep neural network with many layers that fits the training data too closely, capturing noise and leading to overfitting.",education,8,27
can you explain svm with a simple example,"Imagine we have two classes, circles and triangles, and our data has two features, x and y. SVM plots the labeled training data on a plane and outputs a hyperplane (a line in two dimensions) that best separates the two classes. This line is the decision boundary.",education,8,47
what does head do,head() returns the first 5 rows of a DataFrame.,education,4,9
what is fine tuning in machine learning,The process of taking a pre-trained model and adjusting it to perform well on a new task.,education,6,17
what is the importance of feature extraction in computer vision,"Feature extraction is crucial in computer vision as it transforms raw image data into a set of features that can be used by machine learning models to perform tasks like classification, detection, and segmentation.",education,10,34
what role does attention play in human perception and how can it be incorporated into nlp models,Humans selectively focus on important aspects of a scene or conversation. Attention mechanisms in NLP models can mimic this behavior by prioritizing relevant parts of text input.,education,17,27
what is the significance of learning rate in backpropagation,"The learning rate controls the step size in updating the weights during training. A small learning rate may lead to slow convergence, while a large one might cause the model to overshoot the optimal solution.",education,9,35
what is laplace smoothing in naive bayes,Laplace smoothing is a technique used in Naive Bayes to handle zero probabilities by adding a small positive value to each probability estimate.,education,7,23
what is the significance of the training validation split in cross validation,The training-validation split in cross-validation provides a mechanism for tuning model parameters and assessing performance on a separate validation set before final evaluation on the test set.,education,10,27
what is the difference between simple linear regression and multiple linear regression,"Simple linear regression involves one independent variable and one dependent variable, while multiple linear regression involves two or more independent variables predicting a dependent variable.",education,12,25
what is the kernel trick in svm,"The Kernel Trick allows SVM to perform in high-dimensional space without explicitly mapping the data to that space, using kernel functions to compute the inner products.",education,7,26
what are n grams,A sequence of n consecutive words or characters.,education,3,8
what is apache spark,Written in Scala Focused on in-memory processing In memory 100x faster than MapReduce,education,4,13
what are the key factors to consider when choosing a cnn architecture for production,"When choosing a CNN architecture for production, key factors include accuracy, model complexity, memory usage, computational complexity, and inference time. It's important to balance these factors according to specific production constraints and the desired performance metrics.",education,14,36
what is attention mechanism in deep learning,"Attention mechanism allows a model to focus on specific parts of the input sequence when making predictions, improving performance on tasks like translation and summarization.",education,7,25
what are some common applications of arima models,"ARIMA models are widely used in various applications, including economic and financial forecasting (e.g., stock prices, GDP, inflation rates), sales forecasting, demand forecasting, weather prediction, and any other domain where understanding and predicting future values of a time series is important.",education,8,41
what is one vs rest ovr,"A strategy for multiclass classification where one class is separated from the rest, and a binary classifier is trained for each class.",education,4,22
what is common steps,"Stop word removal, stemming and lemmatization, removing digits/punctuation, lowercasing, etc.",education,4,10
what is a denoising autoencoder,A Denoising Autoencoder is a type of autoencoder trained to reconstruct clean data from noisy inputs. It learns to ignore the noise and produce a noise-free version of the input.,education,5,30
what is cross validation and how does it help with overfitting,Cross-validation involves splitting the dataset into multiple subsets and training the model on different combinations of these subsets to assess its generalization performance and reduce overfitting.,education,10,26
how do you parse the content of a webpage,Parse the content of the webpage for desired data using Beautiful Soup.,education,9,12
how would you define machine learning,"Machine Learning is about building systems that can learn from data. Learning means getting better at some task, given some performance measure.",education,6,22
what is term frequency tf,TF is a scoring of the frequency of the word in the current document.,education,5,14
how does weight initialization affect the training of deep neural networks,"Proper weight initialization is crucial as it impacts the convergence of the training process. Poor initialization, such as setting all weights to zero, can lead to neurons learning the same features and hinder the learning process. Common strategies include random initialization using Gaussian distribution, Xavier initialization, and Kaiming initialization, which help in setting the initial weights such that they facilitate effective gradient flow during training.",education,11,65
what are some popular ensemble methods in machine learning,"Bagging (Bootstrap Aggregating), Boosting (e.g., AdaBoost, Gradient Boosting), and Random Forest are common ensemble methods that combine multiple models to improve predictive performance.",education,9,23
what is the significance of the feature mapping in svm,Feature mapping transforms the data into a higher-dimensional space where it becomes linearly separable.,education,10,14
what applications benefit from using autoencoders,Anomaly detection data denoising image inpainting and information retrieval.,education,6,9
what are some common types of kernels used in svm,"Common kernels include the linear kernel, polynomial kernel, radial basis function (RBF) kernel, and sigmoid kernel. The choice of kernel depends on the nature of the data.",education,10,27
what is a transformer model,"A neural network architecture that uses self-attention mechanisms to process sequences in parallel, widely used in NLP tasks.",education,5,18
how do you change the data type of a column,Use df['column_name'] = df['column_name'].astype(new_type) to change the data type.,education,10,9
what is meant by data augmentation,"NLP has some methods through which we can take a small dataset and use that in order to create more data. This is called data augmentation. In this, we use language properties to create text that is syntactically similar to the source text data.",education,6,44
what is roc curve,"Receiver Operating Characteristic curve, a graphical plot that shows the performance of a binary classifier as its discrimination threshold is varied.",education,4,21
how does svm handle non linear data,"For non-linear data, SVM introduces additional features to transform the data into a higher-dimensional space where a linear hyperplane can be found. For example, adding a new feature ( z = x^2 + y^2 ) can help in finding a separating hyperplane in the transformed space.",education,6,46
can you give an example of tp tn fp and fn,In a cancer detection example TP is when a person actually has cancer and the model predicts it correctly TN is when a person does not have cancer and the model predicts it correctly FP is when a person does not have cancer but the model predicts it incorrectly and FN is when a person has cancer but the model predicts it incorrectly.,education,11,63
how does a linear classifier determine class membership,"A linear classifier determines class membership by evaluating the sign of the linear function ( f = \mathbf{w}^T \mathbf{x} ). If ( \mathbf{w}^T \mathbf{x} > 0 ), the sample is classified as Class 1; if ( \mathbf{w}^T \mathbf{x} < 0 ), it is classified as Class 0.",education,8,47
what is unsupervised learning and how does it differ from supervised learning,"Unsupervised learning involves training models on data without labeled outputs, aiming to discover hidden patterns or structures. It differs from supervised learning, where models are trained on labeled data with known outputs.",education,12,32
what is feature aggregation,"Feature aggregation involves combining multiple features into a single feature, such as calculating summary statistics (mean, sum) across different groups or time windows.",education,4,23
what is apache spark and how does it differ from hadoop mapreduce,"Apache Spark is a distributed computing framework focused on in-memory processing, making it significantly faster than Hadoop MapReduce. It supports a wider range of workflows and is easier to program.",education,12,30
what are the main components of an autoencoder,"The main components of an Autoencoder are the encoder, which compresses the input data into a lower-dimensional latent space, and the decoder, which reconstructs the input data from this latent representation. The goal is to minimize the difference between the original input and the reconstructed output.",education,8,46
what is supervised learning,Supervised learning trains a model on labeled data to make predictions on new data.,education,4,14
what is averaging in ensemble methods,"Averaging is a method for combining predictions from multiple models by calculating the mean of their outputs, commonly used for regression tasks in ensemble methods.",education,6,25
what is a fundamental shortcoming of pca,"PCA assumes linearity, which may not be suitable for non-linear datasets like the Swiss-Roll dataset.",education,7,15
what is splitting in decision trees,Splitting is the process of dividing a node into two or more sub-nodes.,education,6,13
what is vocabulary in the context of bag of words,The BoW model creates a vocabulary of all the unique words occurring in all the documents in the training set.,education,10,20
how can the dimensionality issue in the bow model be addressed,The dimensionality issue can be addressed by applying well-known dimensionality reduction techniques to the input data.,education,11,16
how do cnns handle variable length text inputs,"CNNs process text inputs of variable lengths by using global pooling layers, which aggregate features from the entire sequence, allowing the network to handle different input sizes.",education,7,27
what is the significance of fine tuning in machine learning,"Fine-tuning involves adapting a pre-trained model to a new task, considering the type and amount of data available for the downstream task.",education,9,22
what are the limitations of naive bayes,"Naive Bayes assumes independence among features, which is rarely true in real-world data, potentially leading to inaccurate predictions.",education,7,18
how does principal component analysis pca reduce dimensionality of data,PCA projects data onto a lower dimensional subspace that captures the most significant variations in the data.,education,10,17
would you frame the problem of spam detection as a supervised learning problem or an unsupervised learning problem,Spam detection is a typical supervised learning problem: the algorithm is fed many emails along with their labels (spam or not spam).,education,18,22
what is the difference between alexnet and vggnet,VGGNet uses smaller receptive fields throughout the network more non-linearity and fewer parameters compared to AlexNet.,education,8,16
what are the different types of word vec models and their strengths,"CBOW and Skip-gram models are common, with CBOW excelling at predicting words based on context, and Skip-gram being better at learning word similarities.",education,11,23
what is a generative adversarial network gan,"A GAN consists of a generator and discriminator, where the generator creates data and the discriminator distinguishes between real and fake data.",education,7,22
what happens in a layer,A layer takes a set/sequence/grid of vectors of representations as input and produces a set/sequence/grid of vectors of representation as output. The solution to this problem can be a RNN Layer CNN Layer or Self Attention Layer. In a deep neural architecture the representation goes through a sequence of I/O transformations that enrich the semantics and make it more suitable for tasks.,education,5,62
what are the stages in the lifecycle of a natural language processing nlp project,"Data Collection, Data Cleaning, Data Pre-Processing, Feature Engineering, Data Modeling, Model Evaluation, Model Deployment and Monitoring and Updating.",education,14,18
what is the machine learning framework,The Machine Learning framework involves applying a prediction function to a feature representation of the sample to get the desired output,education,6,21
how does logistic regression transform its output,Logistic regression transforms its output using the logistic sigmoid function to return a probability value.,education,7,15
what is the significance of multi task learning in transformers,"Multi-task learning in transformers involves training a model on multiple related tasks simultaneously, allowing it to share knowledge between tasks and improve generalization.",education,9,23
what is feature extraction in neural networks,Feature extraction in neural networks involves using layers or pre-trained models to automatically learn and extract relevant features from raw data.,education,7,21
explain the importance of the bias term in a neural network,"The bias term allows the model to learn patterns that do not pass through the origin, adding flexibility to the networks decision boundaries.",education,11,23
how is the variable chosen in decision trees,The variable that provides the maximum entropy gain is chosen.,education,8,10
what is the role of interaction terms in regression,"Interaction terms in regression models capture the effect of two or more variables interacting with each other, allowing the model to account for combined effects that are not additive.",education,9,29
what is a learning rate,A hyperparameter that controls how much to change the model in response to the estimated error each time the model's weights are updated.,education,5,23
what does the area under the roc curve auc represent,The AUC represents the model's ability to distinguish between positive and negative classes; higher values indicate better performance.,education,10,18
what is barts primary training objective,"BARTs primary training objective is to corrupt text and then learn to reconstruct it, combining denoising autoencoder and sequence-to-sequence training objectives.",education,6,21
can models provide specific reasons for predictions such as the impact of rainfall on pricing,"Models can offer insights into factors influencing predictions, such as the impact of rainfall on pricing, but the level of detail and specificity depends on the explainability methods used and the context of the explanation.",education,15,35
what is the margin in svm and why is it important,The margin is the distance between the hyperplane and the nearest data points (support vectors) from either class. A larger margin generally leads to better generalization.,education,11,26
what is the purpose of the jigsaw puzzle pretext task,"The ""jigsaw puzzle"" pretext task involves shuffling patches of an image and having the model predict the correct arrangement. This task helps the model learn spatial relationships and visual structures within an image.",education,10,33
what is the role of feature importance in random forest,"Feature importance in Random Forest quantifies the contribution of each feature to the model's decision-making process, helping in feature selection and understanding the model.",education,10,24
how does self attention work in the transformer model,"Self-attention computes a weighted sum of input representations, where the weights are determined by the similarity between each input token and all other tokens in the sequence. This allows the model to focus on relevant parts of the input.",education,8,39
what are some examples of applications for gans mentioned in the document,"GANs are used for applications like image-to-image translation, synthetic data generation, and style-based generation, where separate high-level and fine-level attributes (e.g., pose, identity, freckles, hair texture) can be controlled.",education,12,29
what tools can be used to extract text data from the web for nlp tasks,"Popular tools include BeautifulSoup and Selenium for scraping, and NLTK for processing text data.",education,15,14
what are decision nodes in decision trees,Decision nodes are sub-nodes that split into further sub-nodes.,education,7,9
what is the effect of the learning rate in the perceptron learning rule,"The learning rate in the Perceptron Learning Rule controls the step size at which the weights are updated during training. A high learning rate can cause the Perceptron to overshoot the optimal weights, while a low learning rate can lead to slow convergence. Proper tuning of the learning rate is essential for effective training.",education,13,54
what is language modeling,Language modeling is a technique for predicting the next word in a sequence of words given the context of the previous words.,education,4,22
what is the role of action value function in reinforcement learning,"The action-value function, also known as the Q-function, estimates the expected return (reward) for taking a particular action in a given state, guiding the agent's decision-making process.",education,10,27
what are recurrent connections and why are they important,"Recurrent connections in RNNs allow information to persist across time steps, making RNNs suitable for sequential data like time series or language.",education,9,22
what is the difference between linear regression and logistic regression,"Linear regression is used for predicting continuous outcomes, while logistic regression is used for binary classification. Linear regression uses a linear function, while logistic regression uses a logistic function.",education,10,29
what is the role of discount factor in reinforcement learning,"The discount factor determines the importance of future rewards relative to immediate rewards, balancing the agent's focus between short-term and long-term gains.",education,10,22
what is tokenization in transformers and why is it important,"Tokenization in transformers involves breaking down text into smaller units (tokens) that the model can process, with subword tokenization techniques like WordPiece and BPE enabling better handling of rare and out-of-vocabulary words.",education,10,32
how does the sequential model in keras work,"The Sequential model in Keras is a linear stack of layers where you can add one layer at a time, from the input to the output layer. It's used for building simple neural networks with a single input and output.",education,8,40
how does the convolution operation work in a cnn,The convolution operation involves overlaying a filter on the input performing element-wise multiplication summing the results and sliding the filter according to the stride.,education,9,24
what is the value function,The value function is a mathematical function that maps states to expected rewards.,education,5,13
what are the two main components of a convolutional neural network cnn in the context of transfer learning,"The two main components of a CNN in transfer learning are the convolutional base, which is responsible for feature extraction, and the densely connected classifier, which is typically retrained or fine-tuned for the specific task at hand.",education,18,37
what is bagging in ensemble methods,"Bagging, or Bootstrap Aggregating, involves training multiple models on different random subsets of the data and averaging their predictions to reduce variance and avoid overfitting.",education,6,25
what is a bag of words model in nlp,"The bag-of-words model represents text as an unordered collection of words, ignoring grammar and word order, but focusing on word frequency within a document.",education,7,24
what is the purpose of using a validation set in model training,"A validation set is used to tune hyperparameters and evaluate model performance during training, helping to prevent overfitting and select the best model.",education,12,23
what is the main idea behind feature extraction in transfer learning,"The main idea behind feature extraction is to reuse the features learned by the convolutional base of a pre-trained model for a new task. Only the classifier is retrained or fine-tuned, which makes the training process faster and less data-intensive.",education,11,40
what is word vec,"Word2Vec is a machine learning model used to generate word embeddings, where words with similar meanings are positioned close to each other in vector space.",education,3,25
what is a common issue when training rnns and how is it mitigated,"A common issue is the vanishing gradient problem, where gradients become too small to update weights effectively. This is mitigated using techniques like gradient clipping, LSTM/GRU cells, or adding residual connections.",education,13,31
how does an autoencoder differ from principal component analysis pca,"Both Autoencoders and PCA are used for dimensionality reduction, but they differ in approach. PCA is a linear method that finds the principal components of the data, while Autoencoders are non-linear and can capture more complex patterns by using neural networks. Autoencoders can learn more expressive and complex representations than PCA.",education,10,51
how do you parse an html page with beautiful soup,Parse the HTML page using BeautifulSoup and store it in a variable.,education,10,12
who developed word vec,Word2Vec was developed by a team led by Mikolov et al. at Google.,education,3,13
what is feature binning,"Feature binning involves grouping continuous feature values into discrete bins or intervals, which can simplify the feature space and improve model performance.",education,4,22
what is google colab in machine learning,Google Colab is a cloud-based platform that allows users to run Python code and machine learning models using free GPU and TPU resources.,education,7,23
what is the significance of the gate in lstm,"The gates in LSTM control the flow of information, determining which parts of the input should be remembered, forgotten, or passed to the next step.",education,9,25
what is a three way split in machine learning,Three-way split involves splitting the data into training validation and testing sets where the validation set is used to tune model parameters,education,8,22
what is a covariance matrix,A covariance matrix is a matrix that summarizes the covariance between different variables in a multivariate distribution.,education,5,17
how does seasonal differencing work in a sarima model,"Seasonal differencing in a SARIMA model involves subtracting the value of the time series from the value at the same point in the previous season. This operation removes seasonal trends and cycles, making the data stationary with respect to seasonality. Seasonal differencing is performed in addition to any non-seasonal differencing.",education,9,50
how is each word represented in bag of words,Each word is represented as a feature and the frequency of each word is used as the feature value.,education,9,19
how does the bias variance tradeoff affect model performance,The bias-variance tradeoff represents the balance between a model's ability to capture complexity (low bias) and its sensitivity to fluctuations in the training data (low variance).,education,8,26
what is natural language processing nlp,NLP is the field of AI enabling machines to understand and generate human language.,education,6,14
what is the purpose of the multi head self attention mechanism in transformers,"The multi-head self-attention mechanism allows the model to focus on different parts of the input sentence when processing each word, improving the model's ability to capture complex relationships.",education,11,28
how is the order of criteria chosen,The order of criteria is chosen based on the best sequence of criteria.,education,7,13
what is the role of domain knowledge in feature engineering,Domain knowledge helps guide feature engineering by providing insights into which features are likely to be important and how they can be transformed or created.,education,10,25
what is the role of activation functions in mlp,"Activation functions, such as step or sigmoid functions, are used in the neurons of hidden and output layers to introduce non-linearity into the model.",education,9,24
what is the purpose of evaluating a model,To assess its performance and effectiveness in making predictions or classifications.,education,8,11
what is the typical maximum number of tokens that can be processed in parallel by a transformer model,The typical maximum number of tokens is 4096.,education,18,8
what is recurrent neural network rnn,"A Recurrent Neural Network (RNN) is a type of neural network designed for sequential data, where the output from previous steps is used as input for the next step.",education,6,29
what is the role of regularization in xgboost,"Regularization in XGBoost helps prevent overfitting by adding penalties to the model's complexity, controlling the magnitude of coefficients and reducing model variance.",education,8,22
what is principal component analysis pca used for,PCA is used to reduce the dimensionality of data by capturing the distribution of points in high dimensions using their lower-dimensional coordinates.,education,8,22
can you give an example of the relationship between precision and recall,In a cancer example a model with high precision may have low recall and a model with high recall may have low precision.,education,12,23
what distinguishes support vector machines svm from other classification algorithms,"SVM aims to find the optimal hyperplane that maximizes the margin between classes, leading to effective classification even in high-dimensional spaces.",education,10,21
what is the goal when finding the best line in a linear classifier,"The goal is to find the weights ( w_1, w_2, \ldots, w_n ) and the bias ( w_0 ) in the equation ( w_1 x_1 + w_2 x_2 + \ldots + w_n x_n + w_0 = 0 ) that best separates the classes in the training data.",education,13,47
what dimensionality reduction tools does scikit learn offer,Scikit-Learn provides tools for dimensionality reduction including PCA t-SNE and feature selection.,education,7,12
what is the impact of increasing model size on transformer performance,"Increasing the model size in transformers generally improves performance on a wide range of tasks, but it also leads to higher computational costs, longer training times, and greater difficulty in fine-tuning.",education,11,31
what is dimensionality reduction in machine learning,"Dimensionality reduction is the process of reducing the number of input features while preserving the essential information, often using techniques like PCA.",education,7,22
what is the first step in the machine learning process as described in the document,The first step is to convert a real-world problem into a prediction task.,education,15,13
how does padding affect the output of a convolutional layer,"Padding adds extra pixels around the input, allowing the convolution operation to produce feature maps of the same size as the input. This helps preserve spatial dimensions and avoids losing information at the edges.",education,10,34
what is the concept of model complexity and its effect on bias variance tradeoff,"Model complexity refers to the capacity of a model to capture data patterns; increasing complexity usually reduces bias but increases variance, affecting the tradeoff.",education,13,24
how does bag of words handle semantic relations,The BoW representation doesn't consider the semantic relation between words.,education,8,10
what role did relu activation play in the success of alexnet,ReLU (Rectified Linear Unit) activation helped AlexNet converge faster during training by introducing non-linearity while avoiding the vanishing gradient problem commonly encountered with sigmoid or tanh activations.,education,11,27
what is one limitation of generative adversarial networks gans,GANs can be challenging to evaluate and may have difficulty matching the performance of full fine-tuning methods.,education,9,17
how does experience replay stabilize training in reinforcement learning,"Experience replay stabilizes training by storing past experiences in a buffer and randomly sampling from it during training, reducing the correlation between consecutive samples and improving learning stability and efficiency.",education,9,30
what are the features of vision apis,Vision APIs can detect objects face and emotions and can also recognize handwritten text and celebrities.,education,7,16
what is the significance of attention weights in a transformer model,"Attention weights in transformers indicate the importance of each token in relation to others, guiding the model in focusing on relevant parts of the input sequence when making predictions.",education,11,29
what is the role of a loss function in training neural networks,A loss function measures the difference between the model's predictions and the actual target values. It guides the optimization process by providing a gradient for updating the model's weights.,education,12,29
what is q learning,Q-Learning is a model-free reinforcement learning algorithm used for solving Markov Decision Processes (MDPs).,education,3,14
what are word embeddings,"Word embeddings are numerical representations of words that capture semantic meanings and relationships, often learned from large text corpora using methods like Word2Vec or GloVe.",education,4,25
what is overfitting in model evaluation,Overfitting occurs when a model performs well on training data but poorly on unseen data due to excessive complexity.,education,6,19
what is the significance of the viola jones face detector in computer vision,"The Viola/Jones face detector is significant because it introduced a real-time object detection approach using Haar features and an attentional cascade, which was a breakthrough in fast and efficient face detection.",education,12,31
where does class lie in relation to the decision boundary,Class 1 lies on the positive side of the decision boundary.,education,11,11
how is the attention weight i j alpha i j i j calculated from the alignment score,"The attention weight ?i,j\alpha_{i,j}?i,j? is calculated by applying a SoftMax function to the alignment score, ensuring that the weights sum to one, similar to a probability distribution.",education,11,27
what is a content based recommender system,"A recommendation system that suggests items similar to those the user has liked in the past, based on item features.",education,6,20
how does a scatter plot visualize the relationship between two variables,"A scatter plot displays individual data points with one variable on the x-axis, another on the y-axis, illustrating the relationship between them.",education,11,22
what is the purpose of data augmentation in cnn training,"Data augmentation artificially increases the diversity of the training dataset by applying transformations such as rotation, scaling, and flipping. This helps improve the generalization ability of CNNs and reduces overfitting.",education,10,30
how does trust region policy optimization trpo differ from standard policy gradient methods,"TRPO imposes a constraint on the policy update step to ensure that the new policy is not too different from the old one, improving stability and preventing performance collapse.",education,13,29
what is a binary classifier,A model that predicts one of two possible outcomes for each input.,education,5,12
how to import beautiful soup in python,Import the BeautifulSoup module in Python.,education,7,6
how does data provide knowledge,Data provides knowledge in many cases and Machine Learning algorithms use data to learn and make predictions,education,5,17
what is the function of the encoder in the seq seq model,"The encoder ingests the input sequence and computes a final hidden state vector, h(T), which serves as a compressed representation of the entire input sequence.",education,11,25
how does curriculum learning improve reinforcement learning,"Curriculum learning involves gradually increasing the difficulty of tasks during training, allowing the agent to build on previously learned skills and improve learning efficiency and performance.",education,7,26
what does the attention mechanism aim to solve in the seq seq model,The attention mechanism aims to solve the issue of the decoder focusing only on the final hidden state by allowing it to pay attention to different parts of the input sequence at each time step.,education,12,35
what are convolutional neural networks cnns primarily used for,CNNs are primarily used for image recognition and classification tasks.,education,9,10
what does the bow model disregard in its approach,The BoW model disregards the semantic relationship between words in the sentences.,education,9,12
what role does learning rate play in training a model,"The learning rate controls how much the model's weights are adjusted during each update; a too high rate can cause instability, while a too low rate can lead to slow convergence.",education,10,31
how is the error accuracy of a linear classifier measured,"The error/accuracy of a linear classifier is measured by evaluating its performance on test data and training data. For example, the document mentions a 40% error on test data and a 10% error on training data for one solution, and 0% error on test data and 25% error on training data for another solution.",education,9,54
how do rnns handle time series data,"RNNs handle time series data by processing sequences one step at a time, using the hidden state to maintain information about previous time steps. This allows them to model temporal dependencies in the data.",education,7,34
what is the role of the activation function in an mlp,"The activation function introduces non-linearity into the model, enabling the network to learn and model complex data patterns. Common activation functions include ReLU, sigmoid, and tanh.",education,11,26
what is a deep convolutional generative adversarial network dcgan,"DCGAN is a type of GAN that uses deep convolutional networks for both the generator and discriminator, improving the quality and stability of generated images.",education,9,25
what is a policy in reinforcement learning,A policy is a strategy the agent follows to choose actions based on states.,education,7,14
what is the performance of dnn based lid systems,DNN-based LID systems have been shown to outperform traditional GMM-based systems in various evaluations including the NIST 2009 LRE and OLR challenge.,education,8,22
define natural language processing nlp,Natural Language Processing (NLP) is a field of artificial intelligence that focuses on the interaction between computers and humans through natural language.,education,5,22
can you give an example of a relational operation in word vec,King - Man + Women = Queen.,education,11,7
how does the choice of a kernel impact svm s ability to handle nonlinear data,The choice of a suitable kernel function determines the SVM's capacity to map data into a higher-dimensional space where it becomes linearly separable.,education,14,23
what is the significance of scale in training neural networks,"Scale is important because training a neural network with billions of samples differs significantly from training with a few thousand samples, requiring different methods and resources.",education,10,26
what is an autoencoder,A type of neural network used to learn efficient representations of data by encoding input into a lower-dimensional space and then decoding it back.,education,4,24
what is nested cross validation,"Nested cross-validation involves using one cross-validation loop to tune hyperparameters and another cross-validation loop to evaluate the model's performance, providing an unbiased estimate.",education,4,23
can you give an example of accuracy,A model that predicts whether a new image is an apple or an orange 97% of the time correctly is a very good measure.,education,7,24
how do you get the first row of a dataframe,Use df.iloc[0] to get the first row of a DataFrame.,education,10,10
how does peft maintain the performance of large models during fine tuning,"PEFT techniques, like LoRA and adapters, carefully select which parameters to train, ensuring that the fine-tuning process captures the necessary adjustments while preserving the model's pre-trained knowledge.",education,11,27
what is a policy network in reinforcement learning,"A policy network is a neural network used to represent and optimize the policy in reinforcement learning, mapping states to actions or action probabilities, especially in complex environments.",education,8,28
what is the objective of the contrastive loss function in siamese networks,"The contrastive loss function aims to minimize the distance between similar pairs and maximize the distance between dissimilar pairs. It is defined as 1?Y12DW2+Y12max?(0,m?DW2)1 - Y \frac{1}{2} D_W^2 + Y \frac{1}{2} \max(0, m - D_W^2)1?Y21 DW2 +Y21 max(0,m?DW2 ), where YYY is 0 for similar and 1 for dissimilar pairs.",education,12,50
what is k nearest neighbors k nn,A non-parametric algorithm that classifies data based on the closest k training examples.,education,5,13
what is random forest and how does it work,Random Forest is an ensemble method that uses multiple decision trees trained on different data subsets. It combines their predictions by averaging (for regression) or majority voting (for classification).,education,9,29
what is the difference between inductive and transductive learning,"Inductive learning builds a general model from training data, while transductive learning directly predicts labels for the test data based on both training and test data.",education,9,26
what is the impact of using a more complex model on bias and variance,"Using a more complex model usually reduces bias but increases variance, as the model becomes more flexible but also more sensitive to training data fluctuations.",education,14,25
what is a support vector machine svm and how does it work in classification tasks,SVM is a supervised learning algorithm used for classification and regression. It works by finding the hyperplane that best separates data points into different classes while maximizing the margin between classes.,education,15,31
what is an agent,An agent is an entity that interacts with the environment and makes decisions based on the Q-function.,education,4,17
how does the network handle weights after quantization when loading the model,"After quantization, the network needs to map the stored integer values back to the original float values during model loading to perform computations correctly.",education,12,24
what is bellman equation,A recursive equation used in dynamic programming and reinforcement learning to calculate the value of a policy.,education,4,17
what are some key takeaways for training deep neural networks,Data normalization data augmentation weight initialization optimization algorithms regularization batch normalization dropout and etc.,education,10,14
how does word vec solve the problem,Word2Vec uses a vector to represent a word and the vector comes to represent the meaning of a word.,education,6,19
how does langchain address the limitations of llms,"LangChain addresses LLM limitations by integrating them with other tools, allowing them to access real-time data, specialized knowledge, and perform specific tasks through the use of agents and external tools?(LangChain_RAG).",education,8,30
what is a cross validation curve,"A cross-validation curve is a plot that shows how model performance changes with different hyperparameter values or training set sizes, helping to visualize the tradeoff between bias and variance.",education,5,29
how does a linear classifier make predictions,A linear classifier predicts by calculating the dot product of input features with weights and adding a bias term. The sign of the output determines the class.,education,7,27
what are some applications of q learning,Q-learning has been applied to a wide range of domains including robotics game playing and finance.,education,6,16
what are some common applications of natural language processing nlp,"NLP is used in sentiment analysis, machine translation, chatbots, named entity recognition, text summarization, and more.",education,10,16
what are some common distance functions used in knn,"Common distance functions used in KNN include Euclidean, Manhattan, Minkowski, and Hamming distances.",education,9,13
what is the primary advantage of using haar features in the viola jones face detector,Haar features enable rapid feature evaluation using integral images making real-time face detection feasible.,education,14,14
what are the different loss functions discussed in the text,"The text mentions softmax, contrastive loss, triplet loss, and center loss, among others, which are used depending on the complexity and type of classification task.",education,10,25
what is the difference between gpt and bert,"GPT is unidirectional (left-to-right) and focuses on text generation, while BERT is bidirectional and excels in understanding context.",education,8,18
how can the kernel trick be used to handle high dimensional data in svms,"The kernel trick implicitly maps data into a higher dimensional space where linear separation becomes possible, allowing SVMs to handle complex data patterns.",education,13,23
describe the f score and its significance in classification,"The F1 score is the harmonic mean of precision and recall, providing a single metric that balances the trade-off between the two, especially useful for imbalanced datasets.",education,9,27
what is tokenization in natural language processing nlp,"Tokenization is the process of breaking text into individual units, usually words or phrases, to analyze or process them.",education,8,19
what is the significance of transfer learning in modern nlp models like bert and gpt,"Transfer learning allows models like BERT and GPT to leverage knowledge from large-scale pre-training on diverse datasets, making them highly adaptable to a wide range of downstream tasks with minimal additional training.",education,15,32
explain the concept of model bias in machine learning,Model bias refers to systematic errors or assumptions in a model that result in inaccurate predictions or representations of the data.,education,9,21
what is tom mitchell s definition of machine learning,Tom Mitchell defined Machine Learning in 1997 as algorithms that improve their performance at some task with experience,education,8,18
what are some ethical considerations when scraping data from the web for nlp tasks,"Respecting terms of service, avoiding robot exclusion protocols, and acknowledging data sources are crucial.",education,14,14
what is the difference between bagging and boosting,"Bagging reduces variance by training multiple models on different subsets of the data and averaging their predictions, while boosting reduces bias by sequentially training models to correct errors of previous ones.",education,8,31
how does lstm help in solving the vanishing gradient problem,"LSTM uses memory cells and gating mechanisms to preserve information over long sequences, helping to mitigate the vanishing gradient problem in recurrent neural networks.",education,10,24
what is gibbs sampling,A Markov chain Monte Carlo algorithm used to approximate the joint distribution of variables by iteratively sampling from the conditional distributions.,education,4,21
what are the two popular methods for framing self supervised learning tasks,The two popular methods are: 1) Self-prediction: Predicting a part of a data sample using another part of the same sample. 2) Contrastive learning: Predicting the relationship among multiple data samples.,education,11,31
what is web scraping,Web scraping is a technique for gathering data or information from any public website.,education,4,14
what is the significance of the exploration strategy in reinforcement learning,"An exploration strategy determines how the agent explores the environment, balancing the trade-off between trying new actions (exploration) and exploiting known rewarding actions (exploitation) to maximize cumulative rewards.",education,11,28
what is the impact of using cross validation on computational resources,"Using cross-validation increases computational resources and training time, as the model is trained and evaluated multiple times across different folds or iterations.",education,10,22
suppose there are clusters a b c with the centroids respectively to which clusters the points and can be assigned in the next iteration,Cluster B,education,31,2
what are the computational challenges of k nn,k-NN is computationally expensive because it requires calculating the distance between each data point and all others.,education,7,17
how does word vec work,Word2Vec takes a large sample of textual data and finds all unique words assigning an ID to each.,education,4,18
why might gradient descent converge to a local minimum instead of a global minimum,"Gradient descent may converge to a local minimum in non-convex functions, where multiple minima exist. However, for convex functions like those in linear classifiers, it converges to a global minimum.",education,14,30
how is q learning used in game playing,Q-learning has been used in game playing to learn optimal policies for games such as Go and Poker.,education,7,18
when does the id algorithm stop,The algorithm stops when a user-defined stopping condition is reached or perfect homogeneity is obtained.,education,6,15
how is the cosine similarity used in siamese networks,"Cosine similarity measures the cosine of the angle between two vectors, indicating how similar they are. In Siamese networks, it is used to compare the outputs of the subnetworks to determine the similarity between inputs.",education,9,35
what is logistic regression,Logistic regression is a regression technique used for binary classification that models the probability of the target variable being in a particular class using a logistic function.,education,4,27
how do you evaluate the performance of an arima model,"The performance of an ARIMA model can be evaluated using various metrics such as Mean Absolute Error (MAE), Mean Squared Error (MSE), Root Mean Squared Error (RMSE), or Mean Absolute Percentage Error (MAPE) on the test dataset. Additionally, residual analysis is performed to check for any patterns in the residuals that indicate model inadequacy.",education,10,54
how do autoencoders contribute to unsupervised learning,Autoencoders are neural networks trained to encode input data into a lower-dimensional representation and then decode it back. They are used in unsupervised learning for tasks like dimensionality reduction and anomaly detection.,education,7,32
what are some modern approaches to object detection mentioned in the document,"Some modern approaches to object detection mentioned include YOLO (You Only Look Once), SSD (Single Shot MultiBox Detector), and RetinaNet, which balance speed and accuracy in detecting objects.",education,12,28
what is the role of dropout in deep learning,Dropout is a regularization technique where randomly selected neurons are ignored during training to prevent overfitting and improve generalization.,education,9,19
what are the two major issues with the bow model,"The two major issues are the dimensionality problem, as the total dimension is the vocabulary size, and the lack of consideration for the semantic relationship between words.",education,10,27
what are the advantages of using support vector machines svm for classification tasks,"SVMs find the optimal hyperplane separating data points, resulting in goodgeneralizability and robustness to outliers.",education,13,15
what challenge does managing large training data pose in contrastive learning,"Managing large training data can be computationally challenging, especially when creating many samples from few data points.",education,11,17
what are the benefits of self attention,Self-attention allows for parallelization can handle sequences of any length and provides contextual understanding.,education,6,14
why is the concept of overfitting important in training gans,Overfitting in GANs can lead to the generator producing repetitive or memorized outputs instead of generating diverse and realistic data. Regularization techniques like dropout or using a more challenging discriminator can help mitigate this issue.,education,10,35
what is an lstm and how does it address the limitations of standard rnns,"Long Short-Term Memory (LSTM) is a type of RNN architecture that addresses the vanishing gradient problem by introducing memory cells and gates (input, forget, and output gates) that control the flow of information. This allows LSTMs to capture long-term dependencies in sequences more effectively than standard RNNs.",education,14,47
what is zero shot learning in the context of gpt,"Zero-shot learning refers to GPT-3's ability to perform tasks it was not explicitly trained on by leveraging its vast pre-trained knowledge, simply by interpreting the task from the prompt.",education,9,29
what is a variational autoencoder vae,"A VAE is a type of autoencoder that learns a probabilistic latent space, allowing for the generation of new data samples by sampling from the learned distribution.",education,6,27
how does fine tuning work in nlp models,"Fine-tuning involves taking a pre-trained language model and continuing to train it on a smaller, task-specific dataset, adjusting the model's parameters to optimize performance for the new task.",education,7,28
what is the importance of semantic relation in text analysis,The document highlights the importance of considering the semantic relation between words in text analysis.,education,10,15
why is weight initialization important in training an mlp,"Proper weight initialization helps avoid issues like vanishing or exploding gradients. It ensures that the model starts with reasonable weights, leading to better and faster convergence during training.",education,9,28
how do you apply a function to each column,"Use df.apply(func, axis=0) to apply a function to each column.",education,9,10
how does model based reinforcement learning differ from model free reinforcement learning,"Model-based reinforcement learning involves creating a model of the environment to predict future states and rewards, while model-free reinforcement learning relies solely on learning directly from interactions with the environment.",education,10,30
what is data cleaning,"The practice of correcting or deleting incorrect, corrupted, improperly formatted, duplicate, or incomplete data from a dataset is known as data cleaning.",education,4,22
what is the primary goal of linear regression,The primary goal of linear regression is to model the relationship between a dependent variable and one or more independent variables by fitting a linear equation to observed data.,education,8,29
how does the stride affect the convolution operation,Stride determines how many pixels the filter moves over the input image affecting the size of the output feature map.,education,8,20
how does berts bidirectional approach improve its performance compared to unidirectional models,"BERT captures context from both directions, enhancing its understanding of word meanings in context, unlike unidirectional models that only consider one direction.",education,12,22
explain the concept of word sense disambiguation wsd,"WSD is the process of determining which meaning of a word is used in a given context, essential for tasks like machine translation and question answering.",education,8,26
what is drop connect and how does it work,Randomly deactivates network weights instead of neuron activations,education,8,8
what is tensorflow in machine learning,"TensorFlow is an open-source deep learning framework developed by Google, widely used for building and training machine learning models.",education,6,19
what is a multilayer perceptron mlp,"An MLP is a type of feedforward neural network with multiple layers of neurons, including at least one hidden layer. It can learn complex functions and is commonly used for classification and regression tasks.",education,6,34
what are some key features involved in human perception,"Human perception involves features like shape, color, texture, motion, depth, and context, which are crucial in interpreting and understanding the environment.",education,9,21
what are some common activation functions used in deep learning,"Common activation functions include ReLU, sigmoid, tanh, and softmax, each introducing non-linearity to the network and allowing it to model complex patterns.",education,10,22
how do you decide which layers to re train during transfer learning,"The decision on which layers to re-train depends on the domain and dataset similarity. If the new task is very different from the original task, you might retrain more layers starting from the last fully connected and convolutional layers. If the tasks are similar, only the last layers may need retraining.",education,11,51
what does sort index do,sort_index() sorts the DataFrame by its index.,education,4,7
what is a multiclass classification,A classification problem where there are more than two possible output classes.,education,5,12
what is the relationship between precision and recall,Precision and recall are related but they are not the same thing.,education,8,12
what role does data augmentation play in mitigating underfitting,"Data augmentation can help mitigate underfitting by providing more varied training examples, enabling the model to learn more robust features and improve performance.",education,9,23
what is the significance of the variable y bar in the context of contrastive learning,The variable y bar determines whether the objective function will focus on bringing two data points closer together (\( y = 0 \)) or pushing them farther apart (\( y = 1 \)).,education,15,33
how does increasing the size of the training dataset help with overfitting,"Increasing the size of the training dataset provides more diverse examples, which can help the model generalize better and reduce the risk of overfitting.",education,12,24
what is the softmax layer used for in cnns,"The softmax layer is typically the final layer in a CNN used for classification. It converts the output scores into probabilities for each class, allowing the model to make a definitive prediction.",education,9,32
what is data augmentation,"A technique used to increase the diversity of training data by applying random transformations like rotation, scaling, and flipping.",education,4,19
what are feature engineering challenges in high dimensional data,"Challenges in high-dimensional data include managing feature redundancy, avoiding overfitting, and ensuring computational efficiency in feature selection and transformation.",education,8,19
if a decision tree is overfitting the training set is it a good idea to try decreasing max depth,"If a Decision Tree is overfitting the training set, it may be a good idea to decrease max_depth, since this will constrain the model, regularizing it.",education,18,26
what is the purpose of the immersive reader api,"The Immersive Reader API is designed to improve reading comprehension by providing features such as text decoding, highlighting, and voice narration, helping users with reading difficulties or those learning a new language.",education,9,32
how does a pooling layer function in cnns,"A pooling layer reduces the spatial dimensions of the feature maps, typically using max pooling or average pooling. This reduces the computational load and helps in making the features more invariant to scale and translation.",education,8,35
what do you mean by tf idf in natural language processing,"TF-IDF also called Term Frequency-Inverse Document Frequency helps us get the importance of a particular word relative to other words in the corpus. It's a common scoring metric in information retrieval (IR) and summarization. TF-IDF converts words into vectors and adds semantic information, resulting in weighted unusual words that may be utilised in a variety of NLP applications.",education,10,58
what is the resnet architecture,ResNet uses skip connections to alleviate the vanishing gradient problem and allows for deeper networks.,education,5,15
what is the difference between self prediction and contrastive learning,Self-prediction is a technique used to predict one part of the data given the other part while contrastive learning is a technique used to predict the relationship among multiple data samples.,education,9,31
what is the difference between recognition and verification in biometric systems,"Recognition involves identifying an individual from a database of known identities, while verification involves confirming if an individual's claimed identity matches the stored data.",education,11,24
what is a named entity recognition ner system,"NER is an NLP task that identifies and classifies named entities (e.g., people, organizations, locations) in text into predefined categories.",education,8,20
what is the purpose of langchain,"LangChain is an open-source framework designed for developing applications powered by Large Language Models (LLMs). It focuses on creating complex projects by composing modular components like document loaders, chains, agents, and more?(LangChain_RAG).",education,6,32
what is the first step in the web scraping workflow,Send a request to the website and load the webpage using Requests and urllib.,education,10,14
what is early stopping in boosting,"Early stopping in boosting involves terminating the training process before the model fully converges to prevent overfitting, typically based on performance metrics on a validation set.",education,6,26
what is batch normalization,"A technique to improve the speed, performance, and stability of a neural network by normalizing inputs within a batch.",education,4,19
what is cross validation s role in evaluating ensemble methods,"Cross-validation is used to assess the performance of ensemble methods by splitting the data into multiple folds, training the ensemble on different subsets, and evaluating its generalization ability.",education,8,28
what is class weighting,"A technique used to adjust the importance of each class in a classification problem, often used to handle imbalanced data.",education,4,20
how does a self attention layer differ from a standard convolutional layer,"A self-attention layer captures global relationships between all elements of the input sequence, whereas a convolutional layer captures local patterns within a fixed receptive field.",education,11,25
what are recommendation systems and how do they work,"Recommendation systems suggest relevant items to users based on their preferences or behavior. They work using techniques like collaborative filtering, content-based filtering, or hybrid methods that combine both.",education,9,28
what are the benefits of self attention,Self attention allows the model to learn global and local features and it is invariant to changes in the input points. It can also operate on irregular inputs making it a powerful tool for natural language processing tasks.,education,7,38
what is the difference between a validation set and a test set,"The validation set is used to fine-tune the model during training, while the test set is used to evaluate the model's final performance after training",education,12,25
what is a weak learner,"A weak learner is a model that performs slightly better than random guessing, often used in boosting methods where multiple weak learners are combined to create a strong learner.",education,5,29
what are the two most common supervised tasks,The two most common supervised tasks are regression and classification.,education,8,10
what is the difference between masked language modeling mlm and causal language modeling clm,"MLM predicts randomly masked tokens in a sequence, allowing the model to learn bidirectional context, while CLM predicts the next token in a sequence based only on previous tokens, enforcing a unidirectional context.",education,14,33
explain the role of the softmax function in classification,"The softmax function converts raw output scores (logits) from the network into probabilities, making them suitable for multi-class classification tasks.",education,9,20
how does gradient descent with momentum improve the optimization process in neural networks,"Gradient Descent with Momentum improves the optimization process by accumulating momentum from previous gradients, which helps the optimizer to continue moving in the same direction even if the gradient is small. This helps the model to escape local minima and reach the global minima more efficiently by preventing the optimizer from getting stuck in shallow minima or saddle points.",education,13,59
how do you get the content of a downloaded html page,Get the content of the downloaded HTML page using html_page.content.,education,11,10
what are the key differences between linear and non linear svms,"Linear SVMs find a hyperplane separating data points in the original space, while non-linear SVMs use kernels to map data into a higher dimensional space where linear separation becomes possible.",education,10,30
what is the role of cross validation in feature selection,"Cross-validation is used in feature selection to evaluate the impact of different features or feature subsets on model performance, ensuring that selected features generalize well to unseen data.",education,9,28
what is bagging in machine learning,An ensemble learning technique that combines multiple models by training them on different subsets of the training data.,education,6,18
what are the assumptions of linear regression,"The key assumptions of linear regression include linearity, independence, homoscedasticity (constant variance of errors), and normality of error terms.",education,7,19
what is the history and significance of the perceptron in ai,"The Perceptron was introduced by Frank Rosenblatt in 1958 and is considered one of the earliest models of artificial neural networks. It marked a significant milestone in the development of machine learning and AI, demonstrating that machines could learn from data. However, its limitations in solving non-linearly separable problems led to the development of more advanced neural network architectures.",education,11,59
what is dropout in neural networks,A regularization technique that randomly drops units during training to prevent overfitting.,education,6,12
what is the purpose of momentum in gradient descent with momentum,Helps to come out of local minima,education,11,7
what is policy gradient in reinforcement learning,"Policy gradient methods directly optimize the policy by computing the gradient of the expected reward with respect to the policy parameters, adjusting the policy to maximize the cumulative reward.",education,7,29
what are the main applications of bert,"Applications include text classification, question answering, named entity recognition, and sentiment analysis.",education,7,12
what makes solving numerical problems difficult,"Solving numerical problems can be difficult due to: Noise in measurements, Missing values, Complexity when dealing with multi-dimensional points (e.g., 2D, 3D, or 100-dimensional points)",education,6,25
what is recursive feature elimination rfe,RFE is a feature selection technique that recursively removes the least important features and retrains the model to identify the most relevant features.,education,6,23
define accuracy as a performance metric in classification,Accuracy measures the ratio of correctly predicted instances to the total number of instances in a classification task.,education,8,18
what is information gain in decision trees,Information gain is the decrease in entropy.,education,7,7
what is a test set and why would you want to use it,"A test set is used to estimate the generalization error that a model will make on new instances, before the model is launched in production.",education,13,25
how can you diagnose high variance,"High variance can be diagnosed by observing high performance on training data but poor performance on validation or test data, indicating that the model overfits the training data.",education,6,28
how do we decide which line is better for fitting data in linear regression,"We decide which line is better for fitting data by evaluating the error metrics, such as Mean Square Error (MSE). The line with the lowest error metric is considered the best fit.",education,14,32
what are siamese and triplet loss functions used for,"Siamese and triplet loss functions are used to bring similar items closer together and push dissimilar items farther apart, making them popular in verification tasks like face recognition.",education,9,28
what are word vector analogies,"The document shows how word vector analogies can be used to find relationships between words such as ""king"" - ""man"" + ""woman"" = ""queen"".",education,5,24
what is inverse reinforcement learning,"Inverse reinforcement learning involves learning the reward function from observed behavior, allowing an agent to infer the goals of an expert.",education,5,21
what is processing steps,"Code mixing, normalization, language detection, transliteration, etc.",education,4,7
what is self supervised learning ssl,"Self-Supervised Learning (SSL) is a type of representation learning where a model is trained on unlabelled data by creating supervised learning tasks. This approach helps in learning good data representations that can be transferred to various downstream tasks, especially when labeled data is scarce.",education,5,44
what is the role of the parameter c in svm,The parameter ( C ) controls the trade-off between maximizing the margin and minimizing the classification error. A larger ( C ) puts more emphasis on minimizing errors.,education,12,28
what is an lstm and how does it differ from a standard rnn,"LSTM (Long Short-Term Memory) is a type of RNN architecture designed to overcome the vanishing gradient problem in standard RNNs. LSTM units include memory cells and gating mechanisms (input, forget, and output gates) that control the flow of information, allowing the network to capture long-term dependencies more effectively.",education,13,48
how can we identify and mitigate overfitting in a preceptron model,"Using a validation set, choosing appropriate learning rates, and implementing regularization techniques can help prevent overfitting.",education,11,16
what is continuous bag of words cbow,CBOW is a variant of Word2Vec that uses a window of words to predict the missing word.,education,7,17
how can preceptron models be extended to handle non linearly separable data,Preceptrons are limited to linear separation. Multi-layer perceptrons (MLPs) with non-linear activation functions can handle non-linear data.,education,11,17
what is trust region policy optimization trpo in reinforcement learning,TRPO is a policy optimization method that enforces a trust region constraint on policy updates to ensure stability and prevent large changes.,education,10,22
what is the goal of contrastive representation learning,The goal of contrastive representation learning is to learn such an embedding space in which similar sample pairs stay close to each other while dissimilar ones are far apart.,education,8,29
what is the exploration exploitation trade off,The exploration-exploitation trade-off is the balance between exploring new actions and exploiting known actions.,education,5,14
how does t sne differ from sne,"t-SNE uses a t-distribution with 1 degree of freedom instead of a Gaussian distribution, which helps in better capturing the local structure in the data.",education,6,25
what is function approximation in reinforcement learning,"Function approximation in reinforcement learning uses models, such as neural networks, to estimate value functions or policies, enabling the agent to generalize from limited experience in large or continuous state-action spaces.",education,7,31
what is the benefit of using self attention in the transformer model,Self Attention allows the Transformer model to learn global and local features and it is invariant to changes in the input points. It can also operate on irregular inputs making it a powerful tool for natural language processing tasks.,education,12,39
what is the approach for using pre trained models in new domains,"Pre-trained models can be adapted to new domains by fine-tuning them with a small amount of domain-specific data, leveraging the knowledge gained from the original training while adjusting for new data characteristics.",education,11,32
what is dropout in deep learning,Dropout randomly ignores neurons during training to prevent overfitting.,education,6,9
what is contrastive learning and how is it applied in verification scenarios,"Contrastive learning is a learning framework that aims to bring similar instances closer together in the feature space while pushing dissimilar ones apart. In verification scenarios, this approach is used to train the model to effectively distinguish between similar and dissimilar pairs, ensuring that the network can accurately verify identities.",education,12,50
what are the characteristics of decision trees,They are non-parametric fast and efficient.,education,7,6
what is the exploration exploitation trade off in reinforcement learning,The exploration-exploitation trade-off refers to the balance between exploring new actions to discover their potential rewards (exploration) and choosing actions that are known to yield high rewards (exploitation).,education,8,28
what is logistic regression,A statistical model that predicts the probability of a binary outcome based on input features.,education,4,15
how do bidirectional rnns differ from standard rnns,"Bidirectional RNNs process the input sequence in both forward and backward directions using two separate hidden states. This allows the network to capture context from both past and future inputs, improving performance in tasks where context from the entire sequence is important, such as NLP.",education,8,45
what cost functions are used in cart,The cost functions used in CART include mean squared error (MSE) for regression and Gini for classification.,education,7,17
how can ensemble methods like bagging and boosting improve the robustness of nlp models to noise and outliers,"By combining multiple models trained on different data subsets or with different algorithms, ensemble methods can achieve better overall performance and reduce sensitivity to noise and outliers.",education,18,27
how can data be obtained for nlp projects,"There are multiple ways in which data can be obtained for NLP projects. Some of them are Using publicly available datasets, By using data augmentation, Scraping data from the web",education,8,30
what is self attention,Self-attention is a technique used in transformer-based architectures to generate context-aware vectors from the input sequence itself.,education,3,17
explain the concept of a perceptron in neural networks and how is gradient descent used in training them,"A perceptron is the simplest form of a neural network, with one or more inputs, weights, a summation function, and an activation function.",education,18,23
what is the challenge with labeling data for autonomous driving,"Labeling data for autonomous driving, especially labeling every pixel, is costly and time-consuming, often requiring hours per image.",education,10,18
how can autoencoders be used for anomaly detection,"Autoencoders can be used for anomaly detection by training them on normal (non-anomalous) data. When an Autoencoder encounters anomalous data, it will struggle to reconstruct it accurately, resulting in a higher reconstruction error. By setting a threshold on the reconstruction error, anomalies can be detected.",education,8,45
what is pruning,Pruning is a technique used to remove redundant parameters from a neural network.,education,3,13
why is it said that siamese networks appear as two networks but are actually one,"Siamese networks appear as two separate networks because they process two different inputs simultaneously, but they share the same weights and parameters, effectively making them one network. This shared structure ensures that the feature representations generated for both inputs are directly comparable, which is crucial for tasks like verification.",education,15,49
what is nlp,"Natural language processing (NLP) is a branch of linguistics, computer science, and artificial intelligence that studies how computers interact with human language, particularly how to design computers to process and analyse massive amounts of natural language data. Google Assistant from Google, Siri speech assistance from Apple, are examples of Natural language processing.",education,3,52
what is a variational autoencoder vae,A VAE is a generative model that learns to encode and decode data through probabilistic latent variables.,education,6,17
what estimators are available in scikit learn,Scikit-Learn provides tools for estimating model parameters including linear regression and decision trees.,education,6,13
how do you select a column from a pandas dataframe,"A column from a pandas DataFrame can be selected using either df['column_name'] or df.column_name, where df is the DataFrame.",education,10,19
what are some popular libraries used for data visualization in python,"Matplotlib, Seaborn, and Plotly are widely used libraries for data visualization in Python.",education,11,13
what happens after selecting an attribute in the id algorithm,The set S is then split by the selected attribute to produce subsets of the data.,education,10,16
what is the role of attention masking in transformer based language models,"Attention masking in transformers is used to prevent the model from attending to certain parts of the input, such as future tokens in autoregressive models, ensuring that predictions are made only based on available information.",education,11,35
what is the issue of overfitting in bag of words,The model can easily overfit due to the high dimensionality.,education,10,10
how does temporal difference learning differ from monte carlo methods,"Temporal difference learning updates value estimates based on incomplete episodes, using bootstrapping to estimate future rewards, while Monte Carlo methods wait until the end of an episode to update estimates based on the total observed return.",education,10,36
what is the difference between value based and policy based reinforcement learning,"Value-based methods learn a value function to guide action selection, while policy-based methods directly learn the policy that maps states to actions, often optimizing the policy using gradients.",education,10,28
how does svm optimize the decision boundary,SVM optimizes the decision boundary by maximizing the margin between the closest data points of different classes.,education,7,17
why do we use rounding in the quantization process,"Rounding is used in quantization to convert continuous weight values into discrete values that fit within the new data type, such as int8. This helps in approximating the original weights with a reduced precision.",education,9,34
what is a hyperparameter,A parameter that is set before training and governs the training process of a machine learning model.,education,4,17
what is the concept of dropout as a regularization technique in neural networks,"Dropout is a regularization technique where during each training iteration, individual neurons are randomly ""dropped out"" with a certain probability, meaning their contribution is ignored in both the forward and backward passes. This forces the network to learn more robust features, as it cannot rely on any particular neuron being present, which helps in preventing overfitting.",education,13,56
how do foundation models handle data with images and text,"Foundation models often use both images and associated text to learn representations, enabling tasks like image-to-text and text-to-image conversions. They leverage large datasets containing both types of data for training.",education,10,30
what are some methods to prevent overfitting,"Methods to prevent overfitting include using regularization techniques, simplifying the model, employing dropout (in neural networks), and using more training data.",education,7,21
what is the formula for recall,Recall = TP / (TP + FN),education,6,7
what is underfitting in the context of model fitting,"Underfitting occurs when a model is too simplistic and fails to capture the underlying patterns in the data, leading to poor performance on both training and testing datasets.",education,9,28
what is a sequence to sequence seq seq transformer model and how does it handle input output pairs,"A seq2seq transformer model uses an encoder to process the input sequence into a context vector and a decoder to generate the output sequence, enabling tasks like translation, summarization, and question answering.",education,14,32
what is max pooling and why is it used in cnns,"Max pooling reduces the spatial dimensions of the input by selecting the maximum value from each sub-region, retaining the most important features while reducing computational complexity.",education,11,26
what is unsupervised learning,A type of learning where the model tries to find patterns in data without labeled outcomes.,education,4,16
what do decision trees consist of,Decision Trees consist of nodes with parent-child relationships.,education,6,8
how does word embedding differ from traditional text representations,"Word embedding represents words as vectors in a continuous space, capturing semantic relationships and contextual information.",education,9,16
what is the curse of dimensionality in machine learning,"The curse of dimensionality refers to challenges arising in high-dimensional spaces, such as increased computational complexity and sparsity of data.",education,9,20
how can you read a csv file,Use pd.read_csv('file.csv') to read a CSV file into a DataFrame.,education,7,10
how does scaling affect the performance of knn,"Scaling affects the performance of KNN by ensuring that all features contribute equally to the distance calculations. Without scaling, features with larger ranges can dominate the distance metric, leading to biased results.",education,8,32
what is rolling window cross validation,"Rolling window cross-validation involves training the model on a fixed-size rolling window of past observations and testing it on subsequent observations, maintaining the temporal order.",education,5,25
how does quantization reduce the size of a neural network,"Quantization reduces the precision of the model's weights and activations, often from 32-bit floating-point to 8-bit integers, which reduces the memory footprint and computational requirements of the model.",education,10,28
what is recall,The ratio of true positive predictions to the total actual positive cases.,education,3,12
how can dimensionality reduction techniques like pca assist in feature selection,"PCA can identify the most informative features by focusing on components with higher variance, aiding in feature selection.",education,11,18
what is a decision tree,A model that uses a tree-like structure to make decisions based on feature values.,education,5,14
can you explain the concept of entropy in decision tree learning,"Entropy measures the impurity or disorder in a set of data, guiding decision tree algorithms in selecting the best split for classification.",education,11,22
what is the future of the transformer model,The Transformer model is a rapidly evolving field and it is expected to continue to improve in the coming years. It is likely to be used for a wide range of natural language processing tasks and it may also be used for other tasks such as computer vision and speech recognition.,education,8,51
what is few shot learning,Few-shot learning refers to the ability to learn from a small number of labeled examples combined with a large number of unlabeled examples.,education,4,23
how does backpropagation work in training neural networks,Backpropagation is a method to update the network's weights by calculating gradients of the loss function with respect to each weight.,education,8,21
how can contrastive learning be applied in a surveillance scenario,"In a surveillance scenario, contrastive learning can be used to identify whether two images or video frames show the same person by analyzing pairs of data points, either bringing similar ones closer or pushing dissimilar ones farther apart.",education,10,38
what does parameter sharing in cnns refer to,Parameter sharing means that a feature detector applied to one part of an image is used across other parts of the image enhancing efficiency.,education,8,24
how does barts decoder contribute to text generation,BARTs decoder generates text by predicting the next word in a sequence based on the corrupted input and context provided by the encoder.,education,8,23
how does reinforcement learning differ from supervised learning,"In reinforcement learning, an agent learns to make decisions by interacting with an environment and receiving rewards or penalties, while in supervised learning, the model learns from labeled data with predefined correct outputs.",education,8,33
what is a support vector machine svm,A supervised learning algorithm that finds the hyperplane that best separates data into classes.,education,7,14
why is logistic regression called regression,Logistic Regression is called Regression because it predicts a continuous outcome (probability) that is then used to classify data into categories. It is a type of Generalized Linear Model (GLM).,education,6,30
what are relative position encodings in transformers and how do they improve over absolute position encodings,"Relative position encodings allow the model to consider the distance between tokens rather than their absolute positions, improving performance on tasks where the relative order of tokens is more important than their absolute positions.",education,16,34
what does unique do,unique() returns the unique values in a Series or DataFrame column.,education,4,11
why is feature scaling important for k nn,"Feature scaling is important for k-NN because the algorithm relies on distance calculations, which can be distorted by differing scales.",education,7,20
what is the difference between bagging and boosting,"Bagging reduces variance by averaging multiple independent models, while Boosting reduces bias by sequentially improving weak learners. Bagging is parallel; Boosting is sequential.",education,8,23
what is the difference between model free and model based reinforcement learning,"Model-free learning interacts directly with the environment, while model-based learning builds a model to plan actions.",education,10,16
what is the bellman equation in reinforcement learning,The Bellman equation calculates the value of a state by considering immediate rewards and the value of future states.,education,8,19
what is the impact of cross validation on model evaluation metrics,"Cross-validation provides a more reliable estimate of model evaluation metrics by averaging results across multiple folds, reducing the variability introduced by a single train-test split.",education,10,25
how can the choice of kernel function impact the performance of an svm model,"Different kernels capture different types of relationships between data points, and the optimal choice depends on the specific data and task.",education,14,21
what is a feature pipeline,"A feature pipeline is a sequence of data processing steps, including feature engineering and transformations, applied to raw data before training a model.",education,5,23
how does actor critic architecture work in reinforcement learning,"The actor-critic architecture involves two components: the actor, which selects actions based on a policy, and the critic, which evaluates the actions by estimating the value function, providing feedback to the actor for policy improvement.",education,8,35
what is unsupervised learning,Unsupervised learning finds patterns or structures in unlabeled data.,education,4,9
what method combines breimans bagging idea and random feature selection,"The method combines Breimans ""bagging"" idea and the random selection of features.",education,10,12
what is the significance of the margin in svm,The margin in SVM is the distance between the separating hyperplane and the closest data points from each class (the support vectors). Maximizing this margin helps in creating a more generalized decision boundary that can better classify new data points.,education,9,40
what is the objective of the experiments mentioned in the document,"The objective of the experiments mentioned in the document is to apply linear regression to different datasets (e.g., a handmade dataset and a diabetes dataset) and find the best fit line for each.",education,11,33
how is the goodness of fit measured in linear regression,"The goodness of fit in linear regression is commonly measured using the R-squared value, which indicates the proportion of variance in the dependent variable explained by the independent variables.",education,10,29
what are some potential biases to consider when building nlp models,"Biases can exist in the training data, algorithms, and evaluation metrics, leading to unfair or inaccurate results.:",education,11,17
what does the ma term in arima stand for and how does it work,The MA (Moving Average) term in ARIMA refers to a model where the current value of the time series is expressed as a linear combination of past forecast errors. The order of the MA term (denoted as q) indicates the number of lagged forecast errors included in the model.,education,14,49
what is the primary benefit of using self attention in transformers over convolutional layers,Self-attention captures global relationships between elements in a sequence while convolutional layers primarily capture local patterns.,education,13,16
what are some common applications of linear regression mentioned in the document,"Common applications of linear regression mentioned in the document include: Applying linear regression on a handmade dataset (e.g., length vs. time squared for a pendulum), Finding the best fit line for a diabetes dataset",education,12,34
what is the importance of the learning rate in training neural networks,"The learning rate controls the size of the steps taken during optimization. If it's too high, the model may overshoot the optimal point; if too low, the training process may be slow.",education,12,32
what are some challenges of web scraping for nlp tasks,"Dynamically generated content, changing website structure, and legal restrictions can pose challenges.",education,10,12
what is a training set in machine learning,A training set is used to train a model and learn from examples.,education,8,13
what is principal component analysis pca,A dimensionality reduction technique that transforms data into a set of uncorrelated variables called principal components.,education,6,16
what is collaborative filtering,A recommendation technique that makes predictions based on the preferences of similar users or items.,education,4,15
what is value iteration in reinforcement learning,"Value iteration is an algorithm that updates the value function directly, iteratively improving the estimate of the value of each state until convergence, eventually deriving the optimal policy.",education,7,28
what is the concept of trade off in precision and recall,"The trade-off refers to the balance between precision and recall, where improving one often leads to a decrease in the other.",education,10,21
what is leave one out cross validation loocv,Leave-one-out cross-validation is a special case of k-fold cross-validation where k equals the number of data points. Each data point is used once as a test set while the rest are used for training.,education,5,34
explain the difference between a bar chart and a histogram,"A bar chart represents categorical data with distinct categories, while a histogram displays the distribution of continuous data by dividing it into bins.",education,10,23
how can autoencoders be used in supervised learning tasks,"After training, the decoder of an autoencoder can be discarded, and the compressed code generated by the encoder can be used for supervised learning tasks, particularly when dealing with small training datasets.",education,9,32
how is q learning used in healthcare,Q-learning has been used in healthcare to learn optimal treatment policies.,education,6,11
what is the purpose of regularization in logistic regression,"Regularization in logistic regression helps prevent overfitting by adding a penalty to the cost function for large coefficients, thereby improving model generalization.",education,9,22
what is overfitting in decision trees,"Overfitting in Decision Trees occurs when the model becomes too complex, capturing noise in the data rather than the underlying distribution, reducing its generality.",education,6,24
what is the difference between cross validation and holdout validation,"Cross-validation involves multiple rounds of training and testing on different subsets of data, while holdout validation uses a single train-test split to evaluate model performance.",education,9,25
what is a decision tree,A Decision Tree is a supervised learning algorithm used for both classification and regression tasks. It splits the data into subsets based on the value of input features.,education,5,28
what is self attention,Self attention learns the relationship between elements in a sequence such as between words in a sentence. It allows the model to focus on different parts of the input data and weigh their importance.,education,4,34
what is weight sharing,Weight sharing is a technique used to reduce the number of parameters in a neural network by sharing the same weight across multiple connections.,education,4,24
what is the role of baselines in policy gradient methods,"Baselines are used in policy gradient methods to reduce the variance of the gradient estimates by subtracting a baseline value (often the state value) from the reward, leading to more stable and efficient learning.",education,10,34
what is active learning,A machine learning approach where the model actively queries a human annotator to label new data points to improve learning efficiency.,education,4,21
why is the sequence or order of words not important in the bow model,"In the BoW model, the number of occurrences of words is what matters, not the sequence or order of words.",education,14,20
what is classification in machine learning,Classification involves predicting a class label for a given input,education,6,10
common ways used for text extraction in nlp,"Named Entity Recognition, Sentiment Analysis, Text Summarization, Aspect Mining, Topic Modeling",education,8,11
how do you identify the appropriate values of p d and q in an arima model,"The values of p, d, and q in an ARIMA model are typically identified through exploratory data analysis, including examining plots such as the Autocorrelation Function (ACF) and Partial Autocorrelation Function (PACF), performing unit root tests (like the Augmented Dickey-Fuller test) to determine the need for differencing, and using model selection criteria like AIC (Akaike Information Criterion) or BIC (Bayesian Information Criterion).",education,16,62
what is tf idf and how does it improve upon bag of words,TF-IDF (Term Frequency-Inverse Document Frequency) measures the importance of a word in a document by considering both its frequency in the document and its rarity in the entire corpus.,education,10,29
what is a roc curve in machine learning,"A ROC (Receiver Operating Characteristic) curve is a graphical representation of a classifier's performance, plotting the true positive rate against the false positive rate at various thresholds.",education,8,27
what is the purpose of an attention mechanism in sequence models,"Attention mechanisms allow sequence models to focus on specific parts of the input data when generating each output, improving performance on tasks like translation and summarization.",education,11,26
what is a key aspect of analyzing data in the big data analytics process,A key aspect is to define the target for supervised learning and derive relevant attributes through brainstorming hierarchically.,education,14,18
how is clustering used in unsupervised learning,"Clustering groups similar data points together based on features, with algorithms like k-means or hierarchical clustering used to identify patterns.",education,7,20
what is ml problem formulation,Machine Learning problem formulation involves defining the problem statement input features predicted label and machine learning function,education,5,17
what is tf idf,"Term Frequency-Inverse Document Frequency, a statistic that reflects the importance of a word in a document relative to a collection of documents.",education,3,22
what does describe do,describe() provides summary statistics of numerical columns.,education,4,7
what is data pre processing,The process of converting raw data into a comprehensible format is known as data preparation.,education,4,15
what is data augmentation and why is it important in cnn training,"Data augmentation involves artificially increasing the size and diversity of the training dataset by applying transformations such as rotations, flips, or shifts to the input data. It helps improve the generalization of the CNN by exposing it to more variations of the data.",education,12,43
how does double q learning address the overestimation bias in q learning,"Double Q-learning uses two separate Q-value estimators to reduce the overestimation bias by alternating updates between the two, ensuring more accurate value estimation.",education,10,23
what is the purpose of a loss function in machine learning,"The loss function measures the difference between the predicted values and the actual values. It quantifies how well the model is performing, guiding the optimization process to minimize errors.",education,11,29
what is the significance of the ground truth gt in mlp training,"The ground truth (GT) represents the actual class, and it is used to calculate the loss and guide the weight updates during training.",education,12,23
what challenges does nlp face,NLP faces several challenges including ambiguity scale and the need for robust techniques.,education,5,13
describe the k means algorithm,1. Clusters the data into k groups where k is predefined. 2. Select k points at random as cluster centers. 3. Assign the points to their closest cluster center according to the Euclidean distance function. 4. Re-compute the centroid of all points in each cluster. 5. Repeat steps 3 and 4 by re-assigning each point to nearest cluster centroids. 5. Repeat steps 3 and 4 by re-assigning each point to nearest cluster centroids and re-computing the centroids till convergence.,education,4,79
how does self attention compute the context vector for each position in a sequence,Self-attention uses a weighted sum of value vectors where weights are derived from the similarity between query and key vectors.,education,13,20
what is the role of positional encoding in the transformer model,"Positional encoding is added to input embeddings to provide the model with information about the order of tokens in the sequence, as the Transformer model itself does not have a built-in notion of sequence order like RNNs.",education,11,37
how does svm work with multi class classification,SVM can be adapted for multi-class classification using strategies like one-vs-one or one-vs-all.,education,7,13
what is one hot encoding,One-hot encoding is a method of representing words as vectors but it has limitations.,education,4,14
what is the significance of choosing the right model complexity,"Choosing the right model complexity ensures a good balance between bias and variance, optimizing performance and generalization on new data.",education,10,20
how do denoising autoencoders prevent learning the identity function,They corrupt the input data and compare the output to the original not the corrupted input.,education,9,16
what is the purpose of using heatmaps in data visualization,"Heatmaps visualize the intensity of a variable across two dimensions, often using color gradients. They are useful for spotting patterns and trends in large datasets.",education,10,25
what are some common applications of autoencoders mentioned in the text and how do they leverage the autoencoder s ability to learn data representations,Applications include anomaly detection data denoising and image inpainting using autoencoders to learn and apply meaningful data representations.,education,23,18
what is feature extraction for text data,"Feature extraction for text data involves converting text into numerical features, such as term frequency, TF-IDF, or word embeddings.",education,7,19
what is latent semantic indexing lsi in nlp,"Latent Semantic Indexing (LSI), also known as Latent Semantic Analysis, is a mathematical method for improving the accuracy of information retrieval. It aids in the discovery of hidden(latent) relationships between words (semantics) by generating a set of various concepts associated with the terms of a phrase in order to increase information comprehension. Singular value decomposition is the NLP technique utilised for this aim. It's best for working with small groups of static documents.",education,8,73
what is deep q learning in reinforcement learning,"Deep Q-learning uses deep neural networks to approximate the Q-value function, enabling the agent to learn from high-dimensional input spaces like images.",education,7,22
what is the impact of learning rate in boosting algorithms,"The learning rate in boosting algorithms controls the step size at each iteration, with a smaller learning rate often leading to better performance but requiring more boosting rounds.",education,10,28
what is policy evaluation in reinforcement learning,"Policy evaluation involves estimating the value function for a given policy, determining the expected return for each state or state-action pair under that policy, typically used to assess and improve policies.",education,7,31
what is a value function in reinforcement learning,A value function estimates the expected reward from a given state.,education,8,11
what is the difference between self attention and convolution layer,The main difference between Self Attention and Convolution Layer is that Self Attention uses dynamically calculated filters whereas Convolution Layer uses static filters. Self Attention is also invariant to changes in the input points and can operate on irregular inputs.,education,10,40
what is the purpose of using global average pooling in cnns,Global Average Pooling replaces the fully connected layers in a CNN with an operation that averages the entire spatial dimension of the feature maps into a single value per feature map. This reduces the number of parameters and helps prevent overfitting.,education,11,41
what is the kernel trick in svm,"The kernel trick allows SVM to operate in a high-dimensional space without explicitly calculating the coordinates in that space, making computations more efficient.",education,7,23
how does intraclass variation pose a challenge in verification tasks,"Intraclass variation, such as changes in a person's appearance due to aging or different lighting conditions, can make it difficult for the system to recognize that two images belong to the same individual. This poses a challenge in verification tasks where the system must accurately match these varying instances to a single identity.",education,10,53
what are the pros of using naive bayes,"Naive Bayes is simple, fast, and works well with high-dimensional data. It is also highly interpretable.",education,8,16
what is dbscan,"Density-Based Spatial Clustering of Applications with Noise, a clustering algorithm that groups together points that are close to each other based on a distance metric.",education,3,25
explain the concept of forward propagation in an mlp,"Forward propagation is the process by which input data is passed through the network layer by layer, generating predictions at the output layer.",education,9,23
what is transfer learning in machine learning,Transfer learning involves leveraging knowledge from a pre-trained model on one task to improve performance on a related task with limited data.,education,7,22
what is the difference between online and batch learning,"Online learning updates the model incrementally as new data arrives, while batch learning updates the model using the entire dataset at once.",education,9,22
how can you apply a function to a dataframe,Use the apply() method to apply a function along an axis of the DataFrame.,education,9,14
what is a named entity in nlp,"A proper noun or name in text that refers to specific entities like people, organizations, or locations.",education,7,17
say youve trained an svm classifier with an rbf kernel but it seems to underfit the training set should you increase or decrease gamma what about c,"If an SVM classifier trained with an RBF kernel underfits the training set, there might be too much regularization. To decrease it, you need to increase gamma or C (or both).",education,27,31
what is multi armed bandit in reinforcement learning,"The multi-armed bandit problem is a simplified reinforcement learning scenario where an agent must choose between multiple actions with uncertain rewards, balancing exploration and exploitation.",education,7,25
what do you mean by text extraction and cleanup,"The process of extracting raw text from the input data by getting rid of all the other non-textual information, such as markup, metadata, etc., and converting the text to the required encoding format is called text extraction and cleanup. Usually, this depends on the format of available data for the required project.",education,9,52
what is pruning in decision trees,Pruning involves reducing the size of a Decision Tree by removing parts that do not provide additional power to classify instances.,education,6,21
why has contrastive learning become particularly useful in verification tasks,"It allows for creating a large number of training samples from relatively few data points, which is essential for tasks like face recognition.",education,10,23
what is feature engineering,"Feature engineering is the process of extracting features (characteristics, qualities, and attributes) from raw data using domain expertise.",education,4,18
how do you check if a dataframe is empty,"Use df.empty to check if a DataFrame is empty (i.e., has no elements).",education,9,13
what is the difference between a training set and a test set,"The training set is used to train the model, while the test set is used to evaluate the model's generalization to new data.",education,12,23
what is the exploding gradient problem,"A problem in training deep neural networks where gradients become very large, causing instability and poor convergence during training.",education,6,19
what is the purpose of tokenization in nlp,Tokenization breaks text into smaller units (tokens) for easier processing and analysis by models.,education,8,14
how does the explained variance ratio help us choose the optimal number of principal components in pca,We aim to select enough principal components to capture a sufficient amount of variance in the data while avoiding unnecessary redundancy.,education,17,21
what is a neural network,"A computational model inspired by the human brain's network of neurons, used in machine learning.",education,5,15
what is the difference between value based and policy based reinforcement learning,"Value-based methods focus on learning the value function, while policy-based methods directly optimize the policy to maximize rewards.",education,10,18
how popular are decision trees,Decision Trees are a popular tool widely used on Kaggle.,education,5,10
what type of data can the google translate api handle,"The Google Translate API can translate text data between different languages, allowing developers to incorporate language translation capabilities into their applications.",education,10,21
what is the purpose of using transformers in computer vision tasks,Transformers are used in computer vision tasks to model long-range dependencies and relationships between different parts of an image. Vision Transformers (ViTs) apply self-attention mechanisms to image patches for classification and segmentation.,education,11,32
what is covariance and how is it used in pca,Covariance measures how much each dimension varies from the mean with respect to each other. It is used to find relationships between dimensions and to compute the covariance matrix.,education,10,29
what is early stopping and how does it work,Stops training if validation loss/accuracy not improving,education,9,7
how does the bleu score work for evaluating machine translation,"BLEU (Bilingual Evaluation Understudy) score evaluates the quality of machine-translated text by comparing it to reference translations, focusing on n-gram precision.",education,10,21
what happens when the actual class deviates from the predicted class in mlp,"When the actual class deviates from the predicted class, the squared error or loss is computed, and the weights are updated to reduce this error.",education,13,25
how can the performance indices be used to evaluate cnn architectures,The performance indices can be used to evaluate CNN architectures by comparing their accuracy model complexity memory usage computational complexity and inference time and selecting the architecture that best meets the requirements of the specific application.,education,11,36
what is the difference between batch gradient descent and stochastic gradient descent sgd,"Batch gradient descent updates weights after computing the gradient over the entire dataset, while SGD updates weights after each individual training example, making it faster but noisier.",education,13,27
what is boosting with decision trees,"Boosting with decision trees involves sequentially training decision trees where each tree focuses on correcting the errors of the previous ones, enhancing predictive performance through iterative improvement.",education,6,27
what are the types of machine learning,"The main types are supervised, unsupervised, semi-supervised, and reinforcement learning.",education,7,10
how did the field of face recognition change with the advent of large datasets and deep learning,The field shifted from mostly academic research with limited real-world success to significant improvements due to large datasets and deep learning techniques.,education,17,22
what is an outlier in the context of knn,"An outlier in the context of KNN is a sample that is not within the k nearest neighbors of any other sample, indicating it is significantly different from the rest of the data.",education,9,33
what is q learning in reinforcement learning,"Q-learning is a model-free reinforcement learning algorithm that learns the value of taking a particular action in a particular state, updating its Q-values based on the rewards received and future potential rewards.",education,6,32
what is the impact of choosing a high value for k in k fold cross validation,"Choosing a high value for k provides a more accurate estimate of model performance but increases computational cost and training time, as the model is trained and tested more times.",education,14,30
explain the concept of n grams in nlp,N-grams are contiguous sequences of n items (words or characters) in a given text. They capture local patterns and relationships between adjacent words.,education,7,23
what challenges exist in explaining model predictions to different stakeholders,"Challenges include tailoring explanations to different stakeholders, such as providing detailed, technical justifications for experts while offering simpler, high-level summaries for non-experts or legal contexts.",education,10,25
what is a policy gradient ascent in reinforcement learning,"Policy gradient ascent is a method used to optimize a policy by adjusting the policy parameters in the direction that increases the expected reward, calculated through gradient ascent on the policy's objective function.",education,9,33
what is dropout and how does it help with overfitting,"Dropout is a regularization technique where randomly selected neurons are ignored during training, which helps prevent overfitting by reducing the model's reliance on specific neurons.",education,10,25
what is the primary goal of computer vision,"The primary goal of computer vision is to extract all possible information about a visual scene through computer processing, including answering questions like What? When? Where? Who? How? Why? and How many?",education,8,32
explain the use of perplexity in language models,"Perplexity is a metric for evaluating language models, representing how well the model predicts a sample. A lower perplexity indicates better performance.",education,8,22
what is the performance of resnet on imagenet,ResNet achieves state-of-the-art performance on ImageNet outperforming other architectures such as VGGNet and GoogLeNet.,education,8,14
what is k fold cross validation in machine learning,K-fold cross-validation is a method of evaluating model performance by splitting the data into k partitions where each partition is used as a validation set,education,7,25
what are some standard techniques for text representation,Standard techniques include removing stopwords weighing words differently and using histograms (Bag of Words).,education,8,14
what is value function in reinforcement learning,"The value function estimates the expected return (reward) from a given state (or state-action pair), guiding the agent's decision-making process by indicating the desirability of different states or actions.",education,7,29
why is multi head attention used in transformers,Multi-head attention allows the model to focus on different parts of the input simultaneously improving its ability to capture diverse features.,education,7,21
how does a siamese network typically handle training and verification,"During verification, Siamese networks often use nearest neighbors to find distances to the samples from the class under question and apply a subject-specific variable threshold. For training, the network uses a small number of samples, often employing one-shot learning to find a feature space suitable for the local geometry.",education,10,49
what is an example of a task that a decoder based language model would perform,"An example is predicting the next token in a sequence based on previous tokens, such as predicting dog in the sequence the quick brown fox jumps over the lazy ________.",education,14,30
what is the role of the attention head in multi head attention and how does it differ from single head attention,"An attention head in multi-head attention independently learns a unique set of attention weights, allowing the model to focus on different parts of the input, whereas single-head attention is limited to one set of weights, reducing its ability to capture diverse relationships.",education,19,42
what is auc roc,"Area Under the Curve - Receiver Operating Characteristic, a single scalar value that summarizes the performance of a binary classifier.",education,3,20
how is backpropagation used in training neural networks,Backpropagation calculates the gradient of the loss function with respect to each weight by propagating errors backward through the network. The weights are updated using these gradients to minimize the loss.,education,8,31
what is a data pipeline,A series of data processing steps that transform raw data into a format suitable for machine learning.,education,5,17
what is the purpose of using decision trees,Decision trees provide a highly effective and easy way to understand the range of potential and possible outcomes. They help individuals or organizations identify possible actions based on their resources and benefits.,education,8,32
how can cnns be applied to non image data,"CNNs can be applied to non-image data that has a grid-like structure, such as time-series data (using 1D convolutions) or text data (using embeddings followed by 1D convolutions). They can also be adapted for tasks like audio processing or medical data analysis.",education,8,42
what is keras and how is it used in deep learning,"Keras is a high-level neural networks API that runs on top of TensorFlow. It allows for quick prototyping, easy implementation of neural networks, and supports both convolutional and recurrent networks.",education,11,30
what is the difference between structured and unstructured pruning,"Structured pruning removes entire neurons, layers, or channels, leading to a more regular and hardware-friendly compressed model. Unstructured pruning removes individual weights, resulting in a sparser network but potentially irregular memory access patterns.",education,9,33
what is apache hadoop and its core elements,Apache Hadoop is a full data processing stack built on Googles ideas. Its core elements are: HDFS (Hadoop Distributed File System): A distributed file system. Hadoop MapReduce: A programming model and execution framework for processing large datasets.,education,8,37
what is the concept of confidence interval in model evaluation,A confidence interval provides a range of values within which the true performance metric is likely to fall with a certain level of confidence.,education,10,24
what is the bootstrap method,A resampling technique used to estimate the distribution of a statistic by repeatedly sampling with replacement from the original data.,education,5,20
what is precision,The ratio of true positive predictions to the total positive predictions made by the model.,education,3,15
what is the significance of iterative prompt development,Iterative prompt development involves refining prompts based on analysis of the results. It is crucial for improving the accuracy and relevance of the outputs by making the model spend more computational effort on complex tasks,education,8,35
what is the difference between random cross validation and stratified cross validation,"Random cross-validation splits the data randomly into folds, while stratified cross-validation ensures that each fold maintains the proportion of target classes, providing a more representative evaluation.",education,10,26
what is reinforcement learning,A type of machine learning where an agent learns to make decisions by receiving rewards or penalties.,education,4,17
what is the actor critic method in reinforcement learning,"The actor-critic method combines policy-based and value-based approaches, where the actor updates the policy and the critic evaluates the actions by estimating the value function.",education,8,25
what is cross entropy loss,"A loss function used in classification tasks that measures the difference between two probability distributions, the predicted and the true distribution.",education,4,21
what is feature engineering for image data,"Feature engineering for image data involves techniques like extracting pixel values, applying convolutional filters, or using pre-trained deep learning models to create features.",education,7,23
what is the role of the sigmoid function in logistic regression,The sigmoid function in logistic regression maps the output of the linear combination of inputs to a probability value between 0 and 1.,education,11,23
how did alexnet handle overfitting during training,"AlexNet used dropout in the fully connected layers, which randomly set some of the neurons' outputs to zero during training, reducing overfitting by preventing co-adaptation of neurons.",education,7,27
what is the significance of data augmentation in cnn training for image classification,"Data augmentation artificially increases the diversity of the training data by applying transformations like rotation, scaling, and flipping. This helps improve model generalization and reduces overfitting.",education,13,26
what is backpropagation in deep learning,Backpropagation adjusts weights by calculating gradients of the loss function to train neural networks.,education,6,14
what is feature selection,Feature selection finds the most relevant features to a problem by obtaining a subset or key features of the original variables.,education,4,21
what does nlp stand for,Natural Language Processing,education,5,3
what is not considered in bag of words,Order of words is not considered.,education,8,6
what is masked language modeling in bert,Masked language modeling involves predicting missing words in a sentence to learn contextual relationships.,education,7,14
bow is a method for feature extraction from text true or false,TRUE,education,12,1
what are the two main components of the center loss function,"The Center Loss function comprises two terms: one for inter-class separability (softmax) and another for intra-class compactness, with a balancing factor ?\lambda? that adjusts the influence of each term.",education,11,29
what is a multi agent environment in reinforcement learning,"A multi-agent environment involves multiple agents interacting with each other and the environment, where each agent's actions can affect the others, requiring strategies for collaboration, competition, or coordination.",education,8,28
how do the encoder and decoder components of an autoencoder contribute to its ability to perform dimensionality reduction and what role does the latent space representation play in this process,The encoder compresses data into a lower-dimensional latent-space while the decoder reconstructs it from this compressed form enabling dimensionality reduction.,education,29,20
what is the purpose of a validation set in the context of overfitting and underfitting,"A validation set is used to evaluate the model's performance on unseen data during training, helping to detect overfitting and underfitting by providing feedback on generalization.",education,15,26
why is the hyperplane with the largest margin considered the best,The hyperplane with the largest margin is considered the best because it is more generalized and less likely to overfit the data. It provides a better separation between the classes and is more robust to new data points.,education,11,38
what is gpt generative pretrained transformer,"A language model that generates text by predicting the next word in a sequence, trained on a large corpus of text data.",education,6,22
what is pre reading material about bag of words,The document provides a pre-reading material on Bag of Words.,education,8,10
what is inheritance in python,"Inheritance in Python allows a class (child class) to inherit attributes and methods from another class (parent class). This promotes code reuse. For example, stat_arith is a child class that inherits from arith_op.",education,5,33
what is a strong learner,"A strong learner is a model that achieves high predictive performance, often resulting from combining multiple weak learners in ensemble methods.",education,5,21
what is an episodic environment in reinforcement learning,"An episodic environment consists of episodes, where each episode is a sequence of states, actions, and rewards that ends in a terminal state, after which the environment resets.",education,8,28
what are some challenges in using transfer learning with small datasets,"Challenges include the risk of overfitting due to the limited amount of data, and high variance in model performance estimation. Data augmentation and careful fine-tuning are strategies used to mitigate these challenges.",education,11,32
what do you mean by perplexity in nlp,It's a statistic for evaluating the effectiveness of language models. It is described mathematically as a function of the likelihood that the language model describes a test sample.,education,8,28
what are early stopping in decision trees,Early Stopping: A method to prevent overfitting by stopping the tree-building process early if the error does not decrease significantly.,education,7,20
what are the example documents used in bag of words,"Four documents are used as an example: ""It was the best of times"" ""It was the worst of times"" ""It was the age of wisdom"" and ""It was the age of foolishness"".",education,8,32
what is apache hadoop,A full data processing stack Built on top of the ideas of Google,education,4,13
what is variance in the context of machine learning,"Variance refers to the error introduced by the model's sensitivity to fluctuations in the training data, leading to different performance on different training sets.",education,9,24
how does the forget gate in an lstm work and why is it important,"The forget gate in an LSTM determines which information from the memory cell should be discarded at each time step. It is crucial for preventing the accumulation of irrelevant information in the memory, enabling the network to focus on important data as it processes sequences.",education,14,45
what is inverse document frequency idf,IDF is a scoring of how rare the word is across documents.,education,6,12
what is feature engineering for regression problems,"Feature engineering for regression problems includes creating features that capture trends, interactions, or polynomial relationships to improve predictive accuracy.",education,7,19
how does a convolutional layer differ from a fully connected layer,"A convolutional layer uses a set of filters to scan across the input data and produce feature maps, with each filter detecting specific patterns. In contrast, a fully connected layer connects every neuron in one layer to every neuron in the next, which doesn't take spatial relationships into account.",education,11,49
what is the relationship between bias variance tradeoff and generalization error,"The bias-variance tradeoff directly impacts generalization error, where a balance between bias and variance helps minimize overall error on unseen data.",education,10,21
how do you compute the mean of a numpy array,"The mean of a NumPy array can be computed using np.mean(array), where array is the NumPy array.",education,10,17
how does batch normalization work in deep learning,"Batch normalization normalizes the inputs of each layer by adjusting and scaling the activations, which helps stabilize and accelerate the training process.",education,8,22
what is the purpose of bart,"BART is used for text generation, summarization, and denoising by combining encoder-decoder architecture.",education,6,13
what nltk modules are commonly used in web scraping projects,"NLTK's modules for tokenization, stopwords removal, and stemming (like Porter Stemmer or Lancaster Stemmer) are frequently applied in web scraping.",education,10,20
what is dimensionality reduction,Dimensionality reduction is the process of converting a set of data with a large number of dimensions into data with a smaller number of dimensions.,education,4,25
what is the difference between ridge and lasso regularization,"Ridge regularization penalizes the sum of squared coefficients, while Lasso regularization penalizes the sum of absolute coefficients, leading to coefficient shrinkage and feature selection.",education,9,24
what is the purpose of using dropout in neural networks,Dropout is a regularization technique that randomly deactivates neurons during training to prevent overfitting and improve model generalization.,education,10,18
how to ingest data into spark,Using RDD Using JSON,education,6,4
what are random forests,Random forests are an ensemble classifier that consists of many decision trees and outputs the class that is the mode of the classifiers output by individual trees.,education,4,27
why is data quality crucial in machine learning,Data quality is crucial in Machine Learning and noisy or low-quality data can affect the performance of the model,education,8,19
what is the cost function used in logistic regression,"The cost function used in Logistic Regression is the Log Loss (Logistic Loss), which measures the performance of a classification model whose output is a probability value between 0 and 1.",education,9,31
what does intelligence require,Intelligence requires knowledge and computers need to acquire knowledge to learn and solve problems,education,4,14
what are the different types of hyperparameters in svms and their impact on performance,"C (regularization parameter) and kernel choice are crucial hyperparameters, affecting the generalization ability and decision boundary complexity of the SVM.",education,14,20
what is the machine learning pipeline,The Machine Learning pipeline involves data collection data preprocessing feature generation model training and model evaluation,education,6,16
term frequency is a scoring of the frequency of the word in the current document true or false,TRUE,education,18,1
what is albert and how does it improve over bert,"ALBERT (A Lite BERT) reduces the number of parameters in BERT by factorizing the embedding matrix and sharing parameters across layers, leading to faster training and less memory usage.",education,10,29
what is forward selection in stepwise regression,"Forward selection is a stepwise regression method where predictors are added one at a time based on statistical significance, starting with no predictors and adding variables that improve model fit.",education,7,30
what is a learning rate in deep learning,The learning rate controls the step size during optimization to minimize the loss function.,education,8,14
what is a transformer decoder block and how does it function in sequence generation tasks,"A transformer decoder block consists of self-attention, cross-attention, and feed-forward layers, where self-attention attends to the generated sequence so far, cross-attention focuses on the encoder's output, and the feed-forward layer transforms the combined information to produce the next token.",education,15,39
what challenges does q learning face,Q-learning faces several challenges including the curse of dimensionality exploration-exploitation trade-off and convergence.,education,5,13
what is the equation of the line used in uniform quantization,"The equation of the line used in uniform quantization is y = mx + c, where m is the slope of the line, and c is the y-intercept.",education,11,28
what is the impact of quantization on model accuracy,"Quantization can reduce model accuracy because rounding weights to the nearest integer introduces errors, which may affect the model's performance and predictions.",education,9,22
what is the history of nlp,NLP has a long history with early work in the 1950s and 1960s and significant advancements in the 1980s and 1990s.,education,6,21
what is the idf formula,IDF(t) = log(N / n(t)) where N is the total number of documents and n(t) is the number of documents with term t in it.,education,5,25
how does langchain handle document loading,"LangChain uses document loaders to load documents into its own Document object. These loaders might require additional libraries (e.g., pypdf for PDF loading). LangChain also supports integrations with third-party sources like Google Cloud and Wikipedia?(LangChain_RAG).",education,6,35
what is a convolutional neural network cnn,A Convolutional Neural Network (CNN) is a type of deep learning model designed for processing structured data such as images. It uses convolutional layers to automatically learn and extract hierarchical features from the input data.,education,7,35
how are decision trees formed,Decision trees are formed by a collection of rules based on variables in the modeling data set.,education,5,17
what is the significance of vector space in word vec,"Vector space allows Word2Vec to position words in such a way that their semantic relationships are preserved, enabling meaningful operations on the words.",education,9,23
how does policy iteration work in reinforcement learning,Policy iteration alternates between policy evaluation (estimating the value function for a policy) and policy improvement (updating the policy based on the value function) until convergence to an optimal policy.,education,8,30
what is the purpose of smoothing in language modeling,"Smoothing techniques, like Laplace smoothing, are used to handle unseen n-grams and improve the accuracy of language models.",education,9,18
how does word vec handle the relationship between words like king and queen,"Word2Vec can perform relational operations such as King - Man + Woman = Queen, demonstrating its ability to capture semantic relationships.",education,12,21
can you differentiate between supervised and unsupervised learning,"Supervised learning uses labeled data for training, while unsupervised learning deals with unlabeled data, seeking patterns or structures without predefined outcomes.",education,8,21
what are the implications of imbalanced datasets in machine learning,"Imbalanced datasets can lead to biased models, where the model favors the majority class and performs poorly on the minority class.",education,10,21
what is label encoding,"Label encoding is a technique for converting categorical features into numerical values, assigning each category a unique integer.",education,4,18
what is a q value in reinforcement learning,A Q-value represents the expected reward for taking an action in a state and following the optimal policy.,education,7,18
what is machine learning,Machine Learning is a branch of Artificial Intelligence that involves the design and development of algorithms that enable computers to capture and model behaviors based on empirical data,education,4,28
what is dropout in deep learning,"Dropout is a regularization technique where randomly selected neurons are ignored during training, preventing over-reliance on specific neurons.",education,6,18
how do you handle missing data in a pandas dataframe,Missing data in a pandas DataFrame can be handled using methods like df.dropna() to remove missing values or df.fillna(value) to fill them with a specified value.,education,10,26
what does scikit learn provide for data preprocessing,Scikit-Learn provides tools for data preprocessing including feature scaling normalization and encoding.,education,7,12
what is manhattan distance,"A distance metric that sums the absolute differences of their Cartesian coordinates, resembling a grid-like path.",education,4,16
explain the significance of the area under the curve auc in roc analysis,"AUC represents the degree of separability between classes, where a higher AUC value indicates a better-performing model.",education,13,17
how does the choice of kernel impact svm s performance,The kernel choice affects how well SVM can separate complex patterns in data; selecting the right kernel is crucial for better performance.,education,9,22
which is the least noisy gradient descent approach,Stochastic gradient descent is the most noisy as weights are updated after every sample. Mini batch gradient descent is the least noisy as weights are updated only after an iteration of every batch of data.,education,8,35
what is precision,Precision is a measure that tells us what proportion of patients that we diagnosed as having cancer actually had cancer.,education,3,20
what is the advantage of using unsupervised learning with large datasets,"Unsupervised learning can handle vast amounts of data without the need for expensive or impossible labeling, allowing for continuous improvement in accuracy.",education,11,22
can naive bayes be used for regression,"Naive Bayes is primarily used for classification tasks, but variations like Gaussian Naive Bayes can be adapted for regression.",education,7,19
what classification tools does scikit learn offer,Scikit-Learn provides tools for classification including logistic regression decision trees and SVM.,education,6,12
what is multi agent reinforcement learning,"Multi-agent reinforcement learning involves multiple agents learning and interacting in a shared environment, where each agent's actions influence others.",education,5,19
why is dropout used during cnn training,"Dropout is a regularization technique used during CNN training to prevent overfitting. It randomly drops a fraction of the neurons during training, forcing the network to learn more robust features.",education,7,30
what regression tools are available in scikit learn,Scikit-Learn provides tools for regression including linear regression logistic regression and decision trees.,education,7,13
how is document representation achieved,The document discusses how to represent documents as vectors by summing or averaging the Word2Vec vectors of all words in the document.,education,5,22
what is a confusion matrix,A table used to evaluate the performance of a classification model by comparing predicted and actual classes.,education,5,17
what are the different types of metrics mentioned for evaluating a machine learning model,"The metrics include Precision, Recall, AUC (Area Under the Curve), Accuracy, and F1 Score.",education,14,14
what is an exploration exploitation tradeoff in reinforcement learning,The tradeoff balances exploring new actions and exploiting known actions to maximize rewards.,education,8,13
what is the vanishing gradient problem in deep learning,"The vanishing gradient problem occurs when gradients become too small, hindering learning in deep networks.",education,9,15
what are some real world applications of q learning,Q-learning has been used in several real-world applications including autonomous vehicles recommendation systems and resource allocation.,education,7,16
what is the effect of increasing model complexity on bias and variance,"Increasing model complexity typically decreases bias but increases variance, making the model more flexible but potentially more prone to overfitting.",education,12,20
what is the significance of the margin in svm,The margin is the distance between the separating hyperplane and the closest data points from each class. Maximizing the margin helps improve the generalization ability of the model.,education,9,28
what is the purpose of bert,BERT improves performance on NLP tasks by providing deep bidirectional representations of text.,education,6,13
how does nltk aid in text preprocessing during web scraping,"NLTK provides functionalities for tokenization, stemming, and cleaning text, which are crucial steps in preparing scraped text data for analysis.",education,10,20
what are some advantages of using non linear activation functions in neural networks,"Non-linear activation functions enable neural networks to learn complex and nonlinear relationships in data, expanding their modeling capabilities.",education,12,18
what are the key advantages of using pre trained models like bert and bart,Pre-trained models offer robust performance and reduce training time on specific tasks by leveraging learned representations.,education,13,16
how do you get the data types of each column,Use df.dtypes to get the data types of all columns.,education,10,10
what does a decision tree with depth show,A Decision Tree with a depth of 2 is shown illustrating the classification process.,education,9,14
what are eigenfaces in the context of facial recognition,Eigenfaces are a set of eigenvectors derived from the covariance matrix of face images. They represent the principal components of faces and are used in facial recognition systems to identify and classify faces.,education,9,33
what is a gan and how does it work,"A GAN (Generative Adversarial Network) consists of a generator that creates fake data and a discriminator that distinguishes between real and fake data, both trained in a competitive process.",education,9,29
what is underfitting in machine learning,Underfitting happens when a model is too simple to capture the underlying patterns in data.,education,6,15
what is hierarchical reinforcement learning,"Hierarchical reinforcement learning decomposes a complex task into smaller subtasks, each with its own policies, enabling more efficient learning.",education,5,19
what is adjusted r squared,"Adjusted R-squared adjusts the R-squared value for the number of predictors in the model, providing a more accurate measure of goodness-of-fit for models with multiple predictors.",education,4,26
what is the i vector modeling approach,I-vector modeling is a technique that represents each speech recording as a low-dimensional vector which can be used for speaker recognition language identification and emotion recognition.,education,6,26
how does k nn classify data points,k-NN classifies a data point based on the majority class among its 'k' nearest neighbors in the feature space.,education,6,19
what is important when designing a validation strategy for a model,"It is important to divide the data into training, test, and cross-validation (CV) sets and plot error metrics for all models on all data to pick the best one.",education,11,29
what are eigenvectors and eigenvalues in pca,The result of PCA is a set of eigenvectors and a set of eigenvalues that can be used to describe the original data.,education,7,23
what does the pipeline for text classification include,The document shows a pipeline for text classification including preprocessing building a vocabulary training a model and evaluating its performance.,education,8,20
what is the significance of pre training and fine tuning in transformer based models,"Pre-training on large, diverse datasets allows transformers to learn general-purpose features, which are then fine-tuned on specific tasks to achieve state-of-the-art performance with minimal additional data.",education,11,26
what is clustering in machine learning,"Clustering is an unsupervised learning technique that groups similar data points together based on their features, with common algorithms like K-means.",education,6,21
what is the role of attention mechanisms in transformers,Attention mechanisms allow models to weigh the importance of different parts of the input sequence for better understanding.,education,9,18
what are transformer models,"Transformer models use self-attention mechanisms to process sequences of data, like text, for various NLP tasks.",education,4,16
why are lstms well suited for tasks involving long sequences,"LSTMs are well-suited for long sequences because their architecture, including the memory cell and gating mechanisms, allows them to maintain and update information over extended time steps. This capability helps LSTMs capture long-term dependencies that standard RNNs struggle with.",education,9,39
what is an autoencoder,A type of neural network used for unsupervised learning that compresses and reconstructs input data.,education,4,15
what role does the latent space representation play in an autoencoder,The latent-space representation encodes compressed data that the decoder uses to reconstruct the original input.,education,10,15
what is max margin classification,Max-margin classification is a type of classification that maximizes the margin.,education,4,11
what is the importance of data shuffling in cross validation,"Data shuffling ensures that the data is randomly distributed across folds, reducing bias and providing a more representative evaluation of the model's performance.",education,9,23
how does bart differ from bert in terms of its architecture,"BART combines a bidirectional encoder (like BERT) with a left-to-right decoder (like GPT), making it suitable for both text generation and understanding tasks.",education,11,23
what is one vs one ovo,A strategy for multiclass classification where a binary classifier is trained for each pair of classes.,education,4,16
what is matrix factorization,"A technique used in recommendation systems to decompose a user-item interaction matrix into lower-dimensional matrices, capturing latent factors.",education,4,18
what are the performance indices for evaluating cnn architectures,The performance indices include accuracy model complexity memory usage computational complexity and inference time.,education,9,14
what is the impact of noise in the training data on underfitting,Noise in the training data can contribute to underfitting by introducing variability that makes it harder for the model to learn the true patterns in the data.,education,12,27
what is the inception layer in googlenet,The Inception Layer is a module that uses multiple parallel branches with different filter sizes to capture features at different scales.,education,7,21
what is boosting in ensemble methods,"Boosting is an iterative technique where models are trained sequentially, with each new model focusing on correcting errors made by previous models, thereby reducing bias and variance.",education,6,27
what is the purpose of learning rate scheduling,Adjust the learning rate during training,education,8,6
what are roc and pr curves used for,ROC (Receiver Operating Characteristic) and PR (Precision-Recall) curves are used to evaluate the performance of classification models by illustrating the trade-offs between different metrics.,education,8,24
how is the value of k chosen in k nn,"The value of 'k' is usually chosen based on cross-validation, where different values of 'k' are tested to see which yields the best classification accuracy.",education,9,25
what is a variational autoencoder vae,"A VAE is a type of autoencoder that learns a probabilistic latent space, enabling the generation of new data samples by sampling from the learned distribution.",education,6,26
what is a masked token in bert and how does it contribute to pre training,"A masked token is a placeholder for a word in a sequence that BERT is trained to predict, helping the model learn bidirectional context by understanding the relationships between all words in a sentence.",education,14,34
what is a context vector in the context of the attention mechanism,"A context vector is a weighted sum of all hidden states from the encoder, where the weights are determined by the attention mechanism.",education,12,23
what is time series cross validation,"Time series cross-validation involves splitting the data into multiple training and test sets based on time, where each training set includes all data up to a certain point and the test set includes subsequent data.",education,5,35
how does pooling affect the spatial dimensions of the input feature map,Pooling reduces the spatial dimensions of the feature map by downsampling which decreases the number of parameters and computation in the network.,education,12,22
what is an mlp multi layer perceptron in neural networks,"An MLP is a type of feedforward neural network with multiple layers of nodes (neurons), including an input layer, one or more hidden layers, and an output layer.",education,9,28
what are the steps involved in pca,The steps involved in PCA include constructing a covariance matrix performing an eigen-decomposition of that matrix and choosing the first n columns of the resulting matrix to describe the data.,education,7,30
what is the significance of understanding problem constraints in machine learning,"Understanding problem constraints, such as model size, latency, memory, and accuracy, is crucial for effectively addressing and solving specific issues related to domain adaptation and model performance.",education,11,27
what evaluation metrics does scikit learn provide,Scikit-Learn provides tools for evaluating model performance including accuracy precision recall and F1 score.,education,6,14
what is quantization error,Quantization error is the difference between the original float value and the nearest integer value used in quantization. It occurs due to rounding of the float values to the nearest integer for storage.,education,4,33
what is the transformer model,The Transformer model is a type of neural network architecture that uses Self Attention to process input data. It is primarily used for natural language processing tasks such as machine translation and text classification.,education,5,34
what is a reward in reinforcement learning,A reward is feedback indicating the desirability of the state resulting from an action.,education,7,14
can you provide an example of word embeddings,Paris Beijing Tokyo Delhi and New York are all clustered together in vector space.,education,8,14
how does high variance affect model performance,"High variance leads to overfitting, where the model captures noise and details in the training data that do not generalize well to new data.",education,7,24
what is a convolutional neural network cnn,"A CNN processes structured grid data like images, capturing spatial hierarchies through convolutional layers.",education,7,14
what is the role of normalization layers in the vision transformer vit,"Normalization layers in ViT stabilize the training process by normalizing the input features of each layer, helping to prevent issues like exploding or vanishing gradients in deep networks.",education,12,28
what is the impact of cross validation on hyperparameter tuning,"Cross-validation helps in hyperparameter tuning by providing a reliable estimate of how different hyperparameter values affect model performance, ensuring optimal hyperparameters are selected.",education,9,23
what are eligibility traces in reinforcement learning,"Eligibility traces are a mechanism that bridges the gap between Monte Carlo and temporal difference methods, allowing credit assignment to be distributed over multiple previous states and actions, facilitating faster learning.",education,7,31
how does the convolution operation with a filter differ when padding is used,Padding allows the filter to cover edge pixels ensuring more complete information is retained in the output feature map.,education,13,19
what is dropout and how does it work,Randomly drops out neurons during training,education,8,6
why is self supervised learning important,"SSL is important because it addresses the issue of the scarcity of labeled data, which is expensive to obtain. By leveraging large amounts of unlabeled data, SSL can learn useful representations that can improve performance on tasks with limited labeled examples and enable zero-shot transfer to new tasks.",education,5,48
what is bag of words,Bag of Words is a method to extract features from text documents. These features can be used for training machine learning algorithms.,education,5,22
what is weakly supervised learning,"Weakly supervised learning involves using less detailed labels, such as labeling entire images rather than individual pixels, to reduce labeling costs.",education,5,21
what is the gini index,The Gini Index is a measure of variance across all classes of the data.,education,5,14
what are higher order statistics in the context of domain adaptation,"Higher-order statistics refer to statistical measures beyond the mean and variance, used to ensure that distributions in different domains are as close as possible, thereby minimizing domain gaps more effectively.",education,10,30
what is the big data approach,Provide a distributed computing execution framework Simplify parallelization Fault tolerant,education,6,10
what is the attention mechanism in deep neural networks,The attention mechanism is a technique that allows the network to focus on specific parts of the input sequence when making predictions which is useful for tasks such as speech recognition and machine translation.,education,9,34
what is the difference between supervised and unsupervised learning,Supervised learning involves inferring a function from labeled training data while unsupervised learning involves learning patterns from unlabeled data,education,9,19
what is locally linear embedding lle,LLE preserves the structure of local neighborhoods by representing each point as a weighted combination of its neighbors in high dimensions and finding a low-dimensional representation that minimizes the representation error.,education,6,31
how does ensemble learning help with overfitting,"Ensemble learning combines multiple models to improve overall performance and reduce overfitting by averaging predictions or voting, which can balance out individual model errors.",education,7,24
what is the significance of neighbor words in a sentence according to the bow model,"The BoW model does not consider the significance of neighbor words in a sentence, which is generally useful for predicting the target word.",education,15,23
what are the ethical considerations when using human in the loop hitl approaches in nlp tasks,"HITL approaches should involve transparent data collection and annotation processes, fair compensation for human annotators, and respect for their privacy and intellectual property.",education,13,23
what is the impact of training for too short a time on underfitting,"Training for too short a time can lead to underfitting, as the model may not have enough opportunity to learn the underlying patterns in the data.",education,13,26
why is normalization important in cnns,"Normalization, such as Batch Normalization, helps stabilize the learning process by maintaining consistent distributions of inputs across layers. It can speed up training and improve model performance.",education,6,27
how can adversarial training improve model robustness,"Adversarial training involves augmenting the training data with adversarial examples, helping the model learn to correctly classify these perturbed inputs and improve robustness.",education,7,23
what are vision apis and give an example of one,"Vision APIs are a type of Cognitive API focused on processing and analyzing visual data. An example is the Azure Computer Vision API, which can perform tasks like face detection and image recognition.",education,10,33
what is the role of positional embeddings in vision transformers vits,"Positional embeddings in ViTs encode the spatial location of image patches, helping the model maintain the relative positions of patches when processing the image as a sequence of tokens.",education,11,29
what are the key advantages of using svms,SVMs are effective in high-dimensional spaces and are versatile with different kernel functions.,education,8,13
how is the unique list of words created in bag of words,The unique list of words from all the documents is created.,education,12,11
what is a loss function,"A function that measures how well the model's predictions match the true labels, guiding the training process.",education,5,17
how does the r squared metric evaluate model performance,"R-squared represents the proportion of variance in the dependent variable that is predictable from the independent variables, indicating the goodness-of-fit.",education,8,20
how does pca determine the new dimensions,PCA determines the new dimensions by retaining the direction of maximum variance and ensuring minimal information loss.,education,7,17
what is binary quantization and what are its trade offs,"Binary quantization reduces model size by 32 times and significantly speeds up matrix multiplications. However, it comes with a trade-off in accuracy, leading to about a 20% drop in top-5 classification accuracy on the ILSVRC dataset.",education,9,36
what is naive bayes based on,Naive Bayes is based on Bayes' Theorem and assumes that features are conditionally independent given the class label.,education,6,18
why are specific loss functions important in training models for verification tasks,"In verification tasks, specific loss functions like contrastive loss or triplet loss are crucial because they guide the network to enforce the desired propertiesensuring that similar pairs of instances have close feature representations and dissimilar pairs are distant. This helps the model learn to distinguish between identities effectively, which is essential for accurate verification.",education,12,54
in the context of deep autoencoders and what is the purpose of the final layer of the encoder and the initial layer of the decoder how do these layers facilitate data reconstruction,The final encoder layer compresses data into the latent space and the initial decoder layer reconstructs data from this compressed representation facilitating effective data reconstruction.,education,32,25
how do you sort a dataframe by a column,Use df.sort_values(by='column_name') to sort by a specific column.,education,9,8
what is the role of the fit method in scikit learn,The fit() method in scikit-learn is used to train a model on the provided dataset by learning the relationship between input features and the target variable.,education,10,26
can bag of words be used for text classification,Yes,education,9,1
what is the k fold cross validation,"K-fold cross-validation involves dividing the dataset into k equally sized folds, training the model k times on different subsets, and averaging the results to evaluate model performance.",education,5,27
what is the solution to exploding gradient,Gradient clipping,education,7,2
what is the limitation of the transformer model,The Transformer model has several limitations including the requirement for large amounts of training data and the need for specialized hardware to process the model. It is also limited by the fact that it is a complex model that can be difficult to interpret.,education,8,44
what is gpt and how does it advance over gpt,"GPT-4 is expected to be an iteration of the GPT series with more parameters, better fine-tuning, and improvements in handling diverse and complex language tasks, though specific advancements depend on architectural changes and training methodologies.",education,10,35
how does k nn differ from k means,"k-NN is a classification algorithm, while k-means is a clustering algorithm.",education,6,11
how can dimensionality reduction techniques like pca be used to improve the performance of nlp models,"PCA can reduce the dimensionality of data while preserving its essential information, leading to faster training and potentially improve generalizability of NLP models.",education,16,23
what is the role of the fully connected layer in a cnn,The fully connected layer combines features from previous layers to produce the final classification or regression output.,education,12,17
how can youtube scale videos be utilized in training models,"YouTube-scale videos can be used without human annotation to train models like CNNs, especially for tasks like face processing, leveraging large-scale unsupervised learning.",education,9,23
what is imbalanced data,"A dataset where the number of samples in each class is not evenly distributed, often leading to biased model performance.",education,4,20
who developed word vec,Word2Vec was developed by a team led by Mikolov et al. while at Google.,education,3,14
what are the advantages of word vec,"Word2Vec captures relationships between words such as similarity and analogy. It can answer analogy questions like ""a is to b as c is to?"". It produces exceedingly good word representations that can run over billions of words.",education,6,37
how is precision calculated,Precision is calculated as the ratio of true positives (TP) to the sum of true positives and false positives (TP + FP).,education,4,22
what is a continuing environment in reinforcement learning,"A continuing environment does not have terminal states; the interaction between the agent and the environment continues indefinitely, with the agent aiming to maximize long-term rewards.",education,8,26
what is deep learning in machine learning,Deep learning uses neural networks with many layers to model complex patterns in data.,education,7,14
what is experience replay,Experience replay is a method for storing and replaying experiences to improve learning.,education,4,13
what is the difference between training accuracy and validation accuracy,"Training accuracy measures the model's performance on the training data, while validation accuracy measures performance on unseen data.",education,10,18
how are documents vectorized in bag of words,The documents are converted into vectors using the presence or absence of words as a boolean value.,education,6,17
what is natural language processing nlp and why is it important,NLP is a field of artificial intelligence that focuses on the interaction between computers and human language.,education,11,17
what are some common weight initialization techniques,Gaussian Xavier uniform normal Kaiming and etc.,education,7,7
how does k nn handle imbalanced data,k-NN can struggle with imbalanced data because the majority class may dominate the nearest neighbors.,education,6,15
what does the machine learning framework involve,The Machine Learning framework involves training testing and parameter estimation,education,7,10
how can the concept of saliency be used in nlp models for attention mechanisms,"Saliency models can help identify important parts of text, allowing NLP models to focus their attention on relevant information.",education,14,19
what is text representation,The document discusses the importance of representing text in a meaningful way beyond just using one-hot encoding.,education,4,17
what is l regularization,"A regularization technique that adds a penalty equal to the square of the coefficients, which helps to reduce overfitting.",education,4,19
what is the coefficient of determination r squared,"The coefficient of determination (R-squared) measures the proportion of the variance in the dependent variable that is predictable from the independent variables, indicating model fit.",education,7,25
can contrastive learning be used with different types of data and if so what are some examples,"Yes, contrastive learning can be applied to various types of data, including text, language, vision, and speech. Examples include matching images under different conditions or identifying voices recorded from different microphones.",education,17,31
how does matrix factorization work in recommendation systems,"Matrix factorization is a technique that decomposes the user-item interaction matrix into lower-dimensional matrices, representing users and items in a latent factor space. It is used for predicting user preferences.",education,8,30
how is the f score calculated and why is it valuable,"The F1 score is the harmonic mean of precision and recall, providing a balance between the two metrics and useful for imbalanced datasets.",education,11,23
what are the types of dimensionality reduction,There are two types of dimensionality reduction: feature extraction and feature selection.,education,7,12
what are some common performance metrics used to evaluate machine learning models,"Accuracy, precision, recall, F1 score, ROC curves, and area under the curve (AUC) are widely used metrics to assess the performance of classification models.",education,12,24
what is a multi layer perceptron mlp,"An MLP is a type of neural network that consists of at least three layers: an input layer, one or more hidden layers, and an output layer.",education,6,27
what is the role of the activation function in a perceptron or neural network,"The activation function introduces non-linearity, allowing neural networks to learn complex relationships. Common activation functions include sigmoid, tanh, and ReLU.",education,14,20
what is the difference between high bias and high variance in terms of model error,"High bias results in systematic error and underfitting, while high variance results in random error and overfitting, both impacting overall model accuracy.",education,15,22
what are common symptoms of underfitting,"Common symptoms of underfitting include both low training accuracy and low validation accuracy, indicating that the model is not complex enough to capture the data's patterns.",education,6,26
what are the advantages of using decision trees,"Decision trees are advantageous because they:Simplify complex decision-making processes, Provide clear visualization of decisions and outcomes, Are easy to understand and interpret, Can handle both numerical and categorical data.",education,8,29
what is the role of a fully connected layer in a cnn,A fully connected layer at the end of a CNN takes the high-level features learned by the convolutional layers and combines them to make the final classification or prediction. It connects every neuron in one layer to every neuron in the next.,education,12,42
what is stacking in ensemble methods,"Stacking is an ensemble technique that combines the predictions of multiple base models using a meta-model to make final predictions, improving overall performance by leveraging diverse models.",education,6,27
what is a jupyter notebook in data science,"Jupyter notebook is an open-source web application that allows users to create and share documents containing live code, equations, visualizations, and narrative text.",education,8,23
what distinguishes a multi layer perceptron mlp from a single layer perceptron,"MLP consists of multiple layers, including input, hidden, and output layers, allowing for the learning of complex nonlinear relationships compared to the single-layer perceptron.",education,10,24
what is out of bag error in bagging,"Out-of-bag error is an estimate of model performance in bagging methods, calculated by evaluating each model on the data points that were not included in its bootstrap sample.",education,6,28
how do you concatenate two dataframes,"Use pd.concat([df1, df2], axis=0) to concatenate along rows or axis=1 to concatenate along columns.",education,6,14
how do you get the index of a dataframe,Use df.index to get the index of a DataFrame.,education,9,9
what is a filter kernel in a cnn,"A filter, or kernel, in a CNN is a small matrix used to scan over the input data and detect specific patterns or features. The filter is convolved with the input to produce a feature map that highlights the presence of those patterns.",education,8,43
when should you prefer dataframes over rdds in spark,"Prefer DataFrames for operations on structured data, when higher-level abstractions are useful, and when high performance is desired.",education,9,18
how do bagging and boosting ensemble methods differ in their approaches to creating diverse models,"Bagging trains models independently on different subsets of data, while boosting trains models sequentially, focusing on data points where previous models made mistakes.",education,15,23
what is a pooling layer in deep learning,"A pooling layer reduces spatial dimensions, retaining important features while lowering computational load.",education,8,13
what is the concept of early stopping in boosting,Early stopping in boosting involves halting the training process before the final boosting round to prevent overfitting and ensure that the ensemble generalizes well to unseen data.,education,9,27
how are rules selected in decision trees,Rules based on variable values are selected to get the best split to differentiate observations based on the dependent variable.,education,7,20
how does q learning compare to other algorithms,Q-learning is compared to other reinforcement learning algorithms such as SARSA and policy gradient methods.,education,7,15
what is the jaccard similarity coefficient,"A measure of similarity between two sets, defined as the size of the intersection divided by the size of the union of the sets.",education,6,24
what is variance and why is it important in pca,Variance measures the spread of data and is important in PCA because it helps identify the directions with the most information.,education,10,21
what standard technique is used to train models after the loss function is defined in contrastive learning,Standard backpropagation techniques are used to train models after defining the loss function in contrastive learning.,education,17,16
what is text summarization,"Based on a large corpus, this is used to give a short summary that gives an idea of the entire text in the document.",education,4,24
how do you check for missing values,Use df.isna().sum() to check for missing values in each column.,education,7,10
how does sentiment analysis work using nltk,"Sentiment analysis using NLTK involves classifying the sentiment (positive, negative, neutral) of a given piece of text, often by training a model on labeled datasets.",education,7,25
what is the purpose of zero padding in cnns,Zero padding helps maintain the spatial dimensions of the feature maps and preserves edge information.,education,9,15
provide an overview of natural language processing nlp and its applications,NLP is a field of artificial intelligence that focuses on the interaction between computers and human language.,education,11,17
what is the bellman optimality equation,"The Bellman optimality equation provides a recursive relationship for the optimal value function, which defines the maximum expected reward that can be obtained from any given state by following the optimal policy.",education,6,32
what is mean square error mse,"Measures the average of the squares of the errors. It gives more weight to larger errors, making it useful for identifying models with large prediction errors.",education,7,26
what is feature selection in machine learning,Feature selection is important in Machine Learning and scaling feature extraction and feature selection are required to improve model performance,education,7,20
what is the bias term in a perceptron and why is it important,"The bias term in a Perceptron is an additional parameter that is added to the weighted sum of the inputs before applying the activation function. It allows the activation threshold to be adjusted, enabling the Perceptron to shift the decision boundary and improve its ability to classify data.",education,13,48
what are the key steps in the model development process,"The key steps include acquiring raw data, preparing and cleaning data, feature engineering, picking a model and hyper-parameters, model training and optimization, evaluating model performance, and deploying the model.",education,10,29
what is t sne,"t-distributed Stochastic Neighbor Embedding, a technique for visualizing high-dimensional data by reducing it to 2 or 3 dimensions.",education,3,18
what is the summary of svms,SVMs are very good at generalization.,education,6,6
in what ways can humans be involved in the loop of machine learning models,"Humans can provide labeled data, validate model predictions, correct model errors, or fine-tune models based on domain knowledge in HITL approaches.",education,14,21
what is a recurrent neural network rnn,A type of neural network that processes sequences of data by maintaining a hidden state that captures previous information.,education,7,19
how do you check the number of unique values in a column,Use df['column_name'].nunique() to get the count of unique values.,education,12,9
what is the receptive field in the context of cnns,"The receptive field refers to the region of the input that a particular neuron in the network is sensitive to. As you move deeper into the network, the receptive field generally increases, allowing neurons to capture more context.",education,10,38
how does the id algorithm start,The ID3 algorithm begins with the original set S as the root node.,education,6,13
what is low rank adaptation lora in the context of model fine tuning,"Low-rank Adaptation (LoRA) involves decomposing the weight matrix into a product of two smaller matrices, typically aiming to reduce the rank of the attention weight matrices.",education,11,26
what is the matthews correlation coefficient mcc,MCC is a metric that takes into account all four categories of the confusion matrix and provides a balanced measure of classification performance.,education,7,23
what is the role of heteroscedasticity in regression analysis,"Heteroscedasticity affects the validity of regression results by causing the variance of residuals to vary across levels of the independent variables, which can lead to biased coefficient estimates.",education,9,28
how is the loss function defined in logistic regression,"The loss function in logistic regression is the cross-entropy loss (or log-loss), which measures the difference between predicted probabilities and actual binary labels.",education,9,23
what are the applications of decision trees,Decision Trees can be used for classification tasks and regression tasks.,education,7,11
what is a bag of words model,"A text representation that disregards grammar and word order, focusing on word frequency.",education,5,13
what is the role of self supervised learning in contrastive learning,"Self-supervised learning allows for the training of networks without human supervision by using large amounts of unlabeled data, making it possible to build robust models even with limited labeled data.",education,10,30
what are parsers used for in nlp,Parsers are used to identify the grammatical structure of a sentence including the relationships between words and phrases.,education,7,18
how does the size of the corpus affect word vec,The size of the corpus affects the quality of the Word Embeddings.,education,9,12
what is the purpose of using a validation set,A validation set is used to tune hyperparameters and evaluate model performance during training without touching the test data.,education,9,19
explain the concept of the perceptron learning algorithm,"The perceptron learning algorithm adjusts weights based on errors in prediction, bringing the output closer to the desired target for a set of training examples.",education,8,25
what are pooling layers and what types are there,Pooling layers reduce the spatial dimensions of feature maps by summarizing information in each region. Common types of pooling include Max Pooling (selecting the maximum value) and Average Pooling (computing the average value) within a region.,education,9,36
what are the main components of langchain,"The main components of LangChain include models (LLMs, Chat Models, Text Embedding Models), prompts (Prompt Template, Output Parsers), chains (sequential or complex chains), agents (for tool interaction), and indexes (document loaders, text splitters, vector stores)?(LangChain_RAG).",education,7,35
what is bias in machine learning,The tendency of a model to consistently make errors in one direction due to incorrect assumptions or incomplete data.,education,6,19
what is the role of visualization in machine learning,Visualization involves visualizing the data in 2D or 3D to understand the relationships between the features,education,9,16
what is a generative model in deep learning,"A generative model learns the underlying distribution of the data to generate new samples, with examples including GANs, VAEs, and autoregressive models.",education,8,22
explain the difference between skip gram and continuous bag of words cbow models in word vec,"Skip-gram predicts context words given a target word, while CBOW predicts a target word given its context. Skip-gram is better for infrequent words.",education,14,23
what is a support vector machine svm,SVM is a supervised learning algorithm used for classification and regression. It finds the hyperplane that best separates the data into different classes with the maximum margin.,education,7,27
what is silhouette score,"A metric used to evaluate the quality of clusters, measuring how similar a data point is to its own cluster compared to other clusters.",education,4,24
how does azure s face api handle face detection,"Azure's Face API detects faces in images and returns data such as face attributes (age, gender, emotion), face landmarks (pupil positions, nose tip), and other characteristics like occlusion, exposure, and noise levels.",education,8,32
what is decentralized reinforcement learning,"Decentralized reinforcement learning involves multiple agents learning independently in a shared environment, without centralized control, requiring strategies for coordination and handling the complexities of multi-agent interactions.",education,5,26
what is topic modelling,This helps uncover the topical structure of a large collection of documents. This indicates what topic a piece of text is actually about.,education,4,23
what is a convolutional neural network cnn,A type of deep neural network primarily used for image recognition but also applied in NLP for tasks like text classification.,education,7,21
what is the main drawback of one hot encoding in representing word meanings in neural networks,"One-hot encoding results in a large and sparse embedding matrix with dimensions equal to the vocabulary size, which cannot effectively capture word meanings.",education,15,23
what are the advantages and disadvantages of using relu activation function in mlps,"ReLU offers efficient computation and avoids vanishing gradient problems, but it can introduce dead neurons and result in non-smooth activation maps.",education,13,21
what is the purpose of early stopping in training models,Early stopping aims to halt the training process before the model starts to overfit the training data.,education,10,17
how do you drop a column from a dataframe,"Use df.drop('column_name', axis=1, inplace=True) to drop a column.",education,9,8
what is the role of positional encoding in transformers,Positional encoding is added to input embeddings to give the model information about the position of tokens in the sequence since transformers do not have a built-in notion of order.,education,9,30
what is the false positive rate fpr,FPR is the ratio of false positives (FP) to the sum of false positives and true negatives (FP + TN).,education,7,20
what is the siamese architecture,The Siamese architecture is a type of neural network architecture that is used for contrastive learning where two identical networks are used to process two different inputs and the distance between the two outputs is minimized.,education,5,36
why is high accuracy crucial in areas like biometrics,"High accuracy is crucial in biometrics because it is necessary for practical applications, such as face and fingerprint recognition.",education,9,19
what is information retrieval,This helps in fetching relevant documents based on a users search query.,education,4,12
what does info provide,"info() provides a concise summary of the DataFrame, including data types and non-null counts.",education,4,14
what is spark dataframes,Dataset organized into named columns Similar to structure as Dataframes in Python or R,education,4,14
what does the root node represent in a decision tree,The root node represents the entire population or sample.,education,10,9
what is classification in machine learning,Classification involves finding a parameterized function that can make the right predictions denoted by f and the predictions are denoted by y,education,6,22
what are some common applications of lstms,"Common applications of LSTMs include natural language processing (e.g., language modeling, machine translation), speech recognition, time-series forecasting, and video analysis. LSTMs are used in any task that requires modeling sequential data with long-term dependencies.",education,7,34
what issues arise with uniform quantization in the presence of gaps in weight values,"Uniform quantization may lead to storing integer values for ranges where no actual weights exist, which can result in inefficient use of the quantized space and potential inaccuracies in representing the original weights.",education,14,33
what is the purpose of using weighted voting in ensembles,"Weighted voting assigns different weights to base models' predictions based on their performance or reliability, improving the final ensemble prediction by emphasizing more accurate models.",education,10,25
how does temporal abstraction benefit reinforcement learning,"Temporal abstraction allows the agent to operate at multiple time scales, using higher-level actions or options that encompass sequences of lower-level actions, enabling more efficient learning and decision-making in complex environments.",education,7,31
what are rewards in q learning,Rewards are the feedback received by the agent for its actions.,education,5,11
what are the three different scenarios in the context of a triplet loss function,"The three scenarios are: Easy: The distance to the positive sample is naturally less than to the negative sample. Hard: The distance to the positive sample is greater than to the negative sample. Semi-hard: The distance to the positive sample is less than to the negative sample, but the difference is less than the margin.",education,14,55
what is the significance of the cosine similarity metric in nlp,"Cosine similarity measures the cosine of the angle between two vectors, often used to assess the similarity between word embeddings or document vectors.",education,11,23
what are classification and regression trees cart,CART is a non-parametric decision tree learning technique that produces either classification or regression trees based on whether the dependent variable is categorical or numeric. It uses rules based on variable values to split the data and continues until no further gain can be made or stopping rules are met.,education,7,50
what are common symptoms of overfitting,"Common symptoms of overfitting include a high training accuracy but low validation accuracy, as well as a model that performs poorly on unseen data.",education,6,24
what is self attention in transformers,"Self-attention calculates relationships between elements in the same sequence, enabling context-aware representations.",education,5,12
how does reward shaping impact reinforcement learning,"Reward shaping modifies the reward function to provide additional guidance to the agent, encouraging desired behaviors and speeding up the learning process by making it easier for the agent to discover the optimal policy.",education,7,34
what is the primary difference between recognition and verification in the context of siamese networks,"Recognition involves identifying which of the K classes a sample belongs to, while verification is about determining if a given sample belongs to a specific class, often by comparing it with known samples (e.g., biometric verification).",education,15,36
how does the decoder in the seq seq model begin generating an output sequence,The decoder begins with a special '<SOS>' token indicating the start of the sequence and uses the final hidden state from the encoder to start generating the output sequence one word at a time.,education,13,34
can you explain the concept of word embeddings in nlp,"Word embeddings map words to dense vectors in a continuous space, capturing semantic relationships and meaning between words.",education,10,18
what is cross validation in machine learning,Cross-validation assesses model performance by splitting data into training and testing sets multiple times.,education,6,14
what is the significance of spark datasets,"Spark Datasets are strongly-typed DataFrames available in Spark 2+ using Scala, allowing for statically typed operations and catching type errors at compile-time.",education,7,22
what is polynomial regression used for,"Polynomial regression is used to model nonlinear relationships between variables by fitting a polynomial equation to the data, capturing more complex patterns than linear regression.",education,6,25
what are common use cases of unsupervised learning,"Common use cases include clustering, dimensionality reduction, anomaly detection, and generative modeling. It is often used in exploratory data analysis and feature learning.",education,8,23
how does data quality affect bias and variance,"Poor data quality can increase both bias (if the data is not representative) and variance (if the data is noisy), impacting the model's ability to learn and generalize.",education,8,28
what is the concept behind student teacher networks in model compression,"Student-teacher networks involve training a smaller, shallower network (the student) using the output of a larger, more complex network (the teacher) as the target. This approach helps the student network learn more effectively and efficiently.",education,10,35
how can increasing model complexity help with underfitting,Increasing model complexity by adding more layers or features can help address underfitting by allowing the model to capture more complex patterns in the data.,education,8,25
what is the cold start problem in recommender systems,The challenge of making accurate recommendations for new users or items with little or no historical data.,education,9,17
what is the difference between supervised and unsupervised learning,"Supervised learning uses labeled data to learn a function that maps inputs to outputs, while unsupervised learning works with unlabeled data to find structure and patterns.",education,9,26
what is a cross validation split,A cross-validation split refers to the division of the dataset into training and testing subsets during each iteration of the cross-validation process.,education,5,22
what are the steps involved in using a pre trained model for transfer learning,The steps involved in using a pre-trained model include: 1 Start with a pre-trained network. 2 Partition the network into featurizers and classifiers. 3 Re-train the classifier layers with new data. 4 Unfreeze the weights of the later layers and fine-tune the network as needed.,education,13,45
what is a time series,"A time series is a sequence of data points collected or recorded at successive points in time, usually at uniform intervals. Time series analysis involves understanding the underlying patterns (such as trends, seasonality, and cyclic behavior) to forecast future values.",education,5,40
explain the concept of greedy decoding in sequence generation,"Greedy decoding is a simple decoding strategy where the model selects the most probable word at each step, without considering future words, which may lead to suboptimal sequences.",education,9,28
what is the significance of language modeling in nlp,"Language modeling examines short sequences of words to predict the likelihood of each sequence, which is crucial for understanding and generating natural language.",education,9,23
how can confusion matrices aid in evaluating classification models,"Confusion matrices provide a clear representation of a model's performance by showing the counts of true positives, true negatives, false positives, and false negatives.",education,9,24
what is a bart model in nlp,BART (Bidirectional and Auto-Regressive Transformers) is a transformer-based model for text generation and understanding.,education,7,14
what is k fold cross validation,K-fold cross-validation involves dividing the dataset into k equally sized folds. The model is trained on k-1 folds and tested on the remaining fold. This process is repeated k times.,education,4,30
how does the attention mechanism improve the encoder decoder architecture,"Instead of feeding only the last hidden state of the encoder to the decoder, the attention mechanism feeds all hidden states into the decoder at each time step, with certain weightages (alpha) assigned to them.",education,9,35
what is data collection,"The procedure of collecting, measuring, and evaluating correct insights for research using established approved procedures is referred to as data collection.",education,4,21
what is the role of data augmentation in managing bias and variance,"Data augmentation increases the diversity of the training data, which can help reduce variance (overfitting) and improve generalization, though it may not directly impact bias.",education,12,25
how does the concept of credit assignment apply to reinforcement learning,"Credit assignment involves determining which actions are responsible for the rewards received, allowing the agent to update its policy effectively based on past experiences.",education,11,24
how to perform an http request in python,Import the requests module in Python.,education,8,6
what does crosstab do,crosstab() creates a cross-tabulation of two or more factors.,education,4,9
what are the benefits of dimensionality reduction,"Benefits include faster computations, data visualization, noise elimination, reduced risk of model overfitting, and reduced space requirements.",education,7,17
explain the concept of feature engineering,"After a variety of pre-processing procedures and their applications, we need a way to input the pre-processed text into an NLP algorithm later when we employ ML methods to complete our modelling step. The set of strategies that will achieve this goal is referred to as feature engineering. Feature extraction is another name for it. The purpose of feature engineering is to convert the text's qualities into a numeric vector that NLP algorithms can understand. This stage is called ""text representation"".",education,6,81
what is a test set in cross validation,A test set is a subset of the data that is not used during training or validation. It is used to evaluate the final model's performance and generalization ability.,education,7,29
what are the reasons for distributing data and processing,Scalability Fault tolerance/availability Latency,education,9,4
what is the difference between an undercomplete and an overcomplete autoencoder,"An undercomplete Autoencoder has a latent space that is smaller than the input space, forcing the network to learn a compressed representation of the data. An overcomplete Autoencoder, on the other hand, has a latent space that is larger than the input space, which can lead to the network simply copying the input to the output without learning meaningful features unless regularization is applied.",education,11,64
what is gini index in decision trees,The Gini Index is a metric used to evaluate the quality of a split in Decision Trees by measuring the impurity of a node.,education,7,24
how does self supervised learning differ from supervised learning,"Self-supervised learning uses unlabeled data to create surrogate labels, allowing the model to learn useful representations without explicit supervision. This is in contrast to supervised learning, which relies on labeled data.",education,8,31
what is the significance of the bootstrapping concept in reinforcement learning,"Bootstrapping refers to the idea of updating estimates (e.g., Q-values) based partly on other estimates rather than waiting for a final outcome, allowing the agent to learn more efficiently.",education,11,29
what is the difference between gmm and gmm ubm,GMM-UBM is a technique that uses a universal background model to adapt the target model which is useful when there is limited target training data.,education,8,25
what are actions in q learning,Actions are the decisions made by the agent to interact with the environment.,education,5,13
what is a support vector in svm,"A support vector is a data point that lies closest to the decision boundary in SVM, playing a critical role in defining the boundary.",education,7,24
what is the purpose of using ensemble methods,"The purpose of using ensemble methods is to enhance prediction accuracy, reduce overfitting, and increase model stability by aggregating multiple models' outputs.",education,8,22
what is adversarial training,A technique used to improve model robustness by training on examples that have been deliberately modified to deceive the model.,education,4,20
what is an epsilon neighborhood in knn,An epsilon neighborhood in KNN refers to the set of samples within a radius of epsilon from a given sample.,education,7,20
what is data augmentation in machine learning,"Data augmentation involves generating additional training data by applying transformations like rotation, scaling, or noise, commonly used in image processing.",education,7,20
what are the issues with bag of words,"Bag of words has two major issues: It has the dimensionality issue as the total dimension is the vocabulary size. It can easily overfit your model. The remedy is to use some well-known dimensionality reduction technique to your input data. Bag of words representation doesnt consider the semantic relation between words. Generally, the neighbor words in a sentence should be useful for predicting your target word.",education,8,66
what is word vec and on what data was google s pre trained word vec model trained,"Word2Vec is a model that provides 300-dimensional word vectors, and Google's pre-trained Word2Vec model was trained on approximately 100 billion words from a Google News dataset.",education,13,26
explain how parsing is done in nlp,"Parsing is the process of identifying and understanding a text's syntactic structure. It is accomplished by examining the text's constituent pieces. The machine parses each word one by one, then two by two, three by three, and so on. It's a unigram when the system parses the text one word at a time. A bigram is a text that is parsed two words at a time. When the machine parses three words at a time, the set of words is called a trigram.",education,7,83
how is the f score calculated,"The F1 score is the harmonic mean of precision and recall, providing a balance between them.",education,6,16
what is a variational autoencoder vae,A type of autoencoder that learns the probability distribution of the input data for generating new samples.,education,6,17
what is a policy in reinforcement learning,A strategy or function that maps states to actions in order to maximize cumulative reward.,education,7,15
what is a reward function,"A function in reinforcement learning that assigns a numerical reward to each action taken by the agent, guiding its learning process.",education,5,21
what is a convolutional layer in a cnn,"A convolutional layer applies a set of filters to the input data, performing convolution operations to extract features like edges, textures, and patterns. It is the core building block of CNNs.",education,8,31
what is the concept of residuals in gradient boosting,"Residuals in gradient boosting represent the difference between the actual values and the predictions made by the current model, which are used to train the next model in the sequence.",education,9,30
how can human input be incorporated into machine learning systems for nlp tasks,Human-in-the-loop approaches involve incorporating human feedback into the training process or decision-making loop to improve model performance and address biases.,education,13,20
what is a reward function in reinforcement learning,"A reward function provides feedback to the agent by assigning a numerical value to each action taken, indicating the immediate benefit or cost of that action.",education,8,26
what is a cost function,"Another term for the loss function, which measures the error between predicted and actual values.",education,5,15
what is an ensemble method in nlp,"An ensemble approach is a methodology that derives an output or makes predictions by combining numerous independent similar or distinct models/weak learners. An ensemble can also be created by combining various models such as random forest, SVM, and logistic regression. Bias, variance, and noise, as we all know, have a negative impact on the mistakes and predictions of any machine learning model. Ensemble approaches are employed to overcome these drawbacks.",education,7,70
what are some uses of n grams,N-Grams can be used for various NLP tasks such as language modeling predicting next word resolving ambiguity machine translation etc.,education,6,20
what is the role of the feed forward network in transformer layers,"The feed-forward network in transformer layers applies a non-linear transformation to the output of the self-attention mechanism, enabling the model to capture more complex relationships in the data.",education,11,28
what is named entity recognition,Named entity recognition is the process of identifying and classifying named entities (such as people places organizations etc.) in text.,education,5,20
what is pca as a variance maximizing technique,PCA is a variance-maximizing technique that projects the original data onto a direction that maximizes variance.,education,7,16
explain the difference between precision and recall in classification,"Precision measures the proportion of true positives out of all predicted positives, while recall measures the proportion of true positives out of all actual positives.",education,9,25
how does pooling benefit a cnn,Pooling reduces the dimensionality of feature maps and helps in retaining important information while decreasing computational load.,education,6,17
how can clustering algorithms like k means be used in nlp tasks,K-means can be used to group documents based on topic similarity or identify clusters of words with similar meanings.,education,11,19
what is the purpose of a dropout layer in neural networks,"Dropout layers randomly drop units (neurons) during training, reducing overfitting by preventing the network from relying too much on specific neurons.",education,11,21
explain the concept of overfitting in machine learning,"Overfitting occurs when a model learns the training data too well, including the noise, leading to poor generalization to new data.",education,8,21
what is the curse of dimensionality,The phenomenon where increasing the number of features makes it more difficult to train models due to the exponential increase in possible data configurations.,education,6,24
can you explain the concept of k means clustering in unsupervised learning,K-means clustering partitions data into K clusters by iteratively assigning data points to the nearest cluster centroid based on distance measures like Euclidean distance.,education,11,24
what is the learning problem in the context of linear classifiers,"The learning problem involves finding the best line (or hyperplane) that separates the classes given only the training data. This means determining the optimal weights ( w_1, w_2, \ldots, w_n ) and bias ( w_0 ).",education,11,36
what are word embeddings in nlp,"Word embeddings are vector representations of words that capture their meanings, allowing similar words to have similar representations.",education,6,18
what is the significance of time steps in rnns,Time steps in RNNs represent the sequence length or the number of time intervals the model processes. They are crucial for understanding the temporal relationships between inputs in a sequence.,education,9,30
how can model compression be implemented during training,Techniques like pruning and quantization-aware training can be applied during the training process to gradually reduce the model's size while maintaining accuracy. These methods integrate compression directly into the learning process.,education,8,31
what is natural language processing nlp,"NLP is a field of computer science, artificial intelligence, and computational linguistics concerned with the interactions between computers and human (natural) languages.",education,6,22
what is the vanishing gradient problem,"The vanishing gradient problem occurs when gradients become too small during backpropagation, preventing the network from learning effectively. It is common in deep networks.",education,6,24
what is the role of the convolutional layer in cnns,"The convolutional layer extracts local features from the input data by applying convolution operations using filters. These features are used to detect patterns like edges, textures, and shapes.",education,10,28
what is a convolutional neural network cnn,"A type of neural network commonly used for image recognition, consisting of convolutional layers that extract features from the input image.",education,7,21
what are true positives,True positives are the cases when the actual class of the data point was 1(True) and the predicted is also 1(True).,education,4,21
what is a linear classifier,A linear classifier is a model that makes predictions based on a linear combination of input features. It decides the class by checking on which side of a decision boundary (a hyperplane) a data point lies.,education,5,36
what are the different levels of linguistic analysis in nlp,"NLP tasks can involve analysis at the phonetic, morphological, syntactic, semantic, and pragmatic levels.",education,10,14
what is testing in machine learning,Testing involves applying f to unknown test samples and predicting the output value,education,6,13
what is the impact of using ensemble methods on bias and variance,"Ensemble methods, such as bagging and boosting, can help reduce variance (by combining multiple models) and, depending on the method, can also help manage bias.",education,12,25
what is a machine learning model,A machine learning model is a trained mathematical representation used to make predictions or decisions.,education,6,15
what is the difference between bert and gpt,"BERT is bidirectional and focuses on understanding context, while GPT is unidirectional and generates text.",education,8,15
what is overfitting in machine learning,"Overfitting occurs when a model learns training data too well, including noise, reducing performance on new data.",education,6,17
what is q learning,A reinforcement learning algorithm that learns the value of an action in a particular state by using a quality (Q) function.,education,3,21
how is extracted data stored,The extracted data can be saved to a local file or to a database in table format using Pandas library.,education,5,20
what does the term false positive rate refer to,The false positive rate is the ratio of false positive predictions to the total actual negatives.,education,9,16
what is the problem with local minima in one direction and local maxima in another direction,Saddle point,education,16,2
what is a practical application of siamese networks in natural language processing nlp,"Siamese networks are used in NLP for tasks like sentence completion, response matching, and paraphrase identification, where they compare the embeddings of sentences to determine similarity or match.",education,13,28
explain the main differences between a standard autoencoder and a deep autoencoder how does the architecture of a deep autoencoder contribute to its performance,Deep autoencoders feature multiple layers in both encoder and decoder enhancing performance through more complex and hierarchical feature extraction.,education,24,19
how do you handle missing data,Use methods like dropna() to remove or fillna() to replace missing values.,education,6,12
what is the concept of human in the loop in machine learning,"""Human in the Loop"" refers to a machine learning approach where human expertise is integrated into the model development or decision-making process.",education,12,22
how does contrastive loss function in self supervised learning,"The contrastive loss function works by encoding data into embedding vectors, ensuring that samples from the same class (positives) have similar embeddings, while samples from different classes (negatives) have different embeddings. This helps the model to learn meaningful representations.",education,8,39
what is logistic regression,Logistic Regression is a supervised classification algorithm that predicts the probability of a binary outcome (1 or 0) based on one or more predictor variables. It transforms its output using the logistic sigmoid function to return a probability value between 0 and 1.,education,4,43
what is the difference between mean squared error mse and cross entropy loss,MSE is used in regression tasks and measures the average squared difference between predicted and actual values. Cross-entropy loss is used in classification tasks and measures the difference between predicted probabilities and the actual class labels.,education,12,36
what is l regularization,"A regularization technique that adds a penalty equal to the absolute value of the coefficients, leading to sparse models.",education,4,19
what are the challenges of training large transformer models like gpt,"Training large transformers like GPT-3 requires immense computational resources, memory, and careful tuning of hyperparameters to avoid issues like overfitting and ensuring efficient parallelism.",education,11,24
what is the difference between global and local approaches in dimensionality reduction,"The global approach considers all distances in high dimensions equally important, while the local approach focuses on smaller, meaningful distances.",education,12,20
what is the total number of multiplications needed in a convolution operation with a x input and x filter,The total number of multiplications is (4x4) x (3x3) = 144.,education,19,11
what is k fold cross validation,"K-fold cross-validation involves splitting the dataset into 'k' subsets and training the model 'k' times, each time using a different subset as the validation set.",education,4,25
how do you get the sum of values in a column,Use df['column_name'].sum() to get the sum of values in a column.,education,11,11
what is the storage space requirement for parameters with and without quantization,"Without quantization, 100 parameters each requiring 8 bytes (float64) need 800 bytes. With quantization, each parameter requires 1 byte plus 16 bytes for min and max values (8 bytes each), totaling 118 bytes.",education,13,33
what is information extraction,"This is the task of extracting relevant pieces of information from a given text, such as calendar events from emails.",education,4,20
what is a deep belief network dbn,"A DBN is a generative model composed of multiple layers of RBMs, pre-trained layer by layer and fine-tuned with supervised learning.",education,7,21
what is the significance of zero padding in cnns,"Zero padding involves adding zeros around the input data to maintain the spatial dimensions after convolution, allowing more precise control over the output size.",education,9,24
what is knowledge distillation in transformer models,"Knowledge distillation involves training a smaller model (student) to mimic the behavior of a larger, pre-trained model (teacher), allowing for efficient deployment of models with reduced computational costs while retaining performance.",education,7,31
what are the types of ensemble methods,There are several types of ensemble methods including bagging boosting and random forests.,education,7,13
how does the perceptron differ from more complex neural networks,"The Perceptron is a simple, single-layer neural network that can only handle linearly separable problems. In contrast, more complex neural networks, such as multi-layer perceptrons (MLPs), have multiple layers and non-linear activation functions, allowing them to learn and represent non-linear decision boundaries, making them capable of solving more complex tasks.",education,10,50
how is the slope m of the line calculated in uniform quantization,"The slope (m) of the line in uniform quantization is calculated as (255 - 0) / (max - min), where 255 is the maximum value of the new weights and max and min are the maximum and minimum values of the original weights.",education,12,43
how can overfitting be reduced in linear classifiers,"Overfitting can be reduced using regularization techniques (like L1 or L2), which penalize large weights, or by using techniques like cross-validation, early stopping, or adding more training data.",education,8,28
what is polynomial regression,Polynomial regression is an extension of linear regression that models the relationship between the dependent and independent variables as an nth-degree polynomial.,education,4,22
what can splitting criteria be based on,The splitting criteria can be based on different factors such as weight or height.,education,7,14
what are the two main ways of self supervised learning,The two main ways of self-supervised learning are pretext tasks and contrastive learning.,education,9,13
what dataset is used in the experiment,The experiment uses the Fruits dataset to classify data using a Decision Tree classifier.,education,7,14
what is a sentiment analysis in nlp,"Sentiment analysis is the process of determining the emotional tone (positive, negative, or neutral) expressed in text, often used for social media and customer feedback analysis.",education,7,26
what is a limitation of low rank adaptation lora in fine tuning models,LoRA does not improve inference efficiency or reduce the cost of storing large foundation models.,education,11,15
what is the primary difference between classification and verification tasks in machine learning,"Classification tasks involve identifying an instance as one of several predefined classes, such as categorizing an image into one of 1,000 possible categories. In contrast, verification tasks involve confirming whether an instance matches a specific identity, such as verifying if a fingerprint corresponds to a given ID.",education,13,47
what is entropy regularization and why is it used in reinforcement learning,"Entropy regularization encourages exploration by adding an entropy term to the reward function, promoting diverse action selection and preventing the policy from converging prematurely to suboptimal strategies.",education,12,27
what is an example of a high bias model,"An example of a high-bias model is a linear regression model trying to fit non-linear data, which may oversimplify the problem and lead to underfitting.",education,8,25
what is a capsule network in deep learning,A capsule network is a type of neural network that uses capsules (groups of neurons) to capture and represent spatial relationships between features more effectively than traditional CNNs.,education,8,28
what does groupby do,groupby groups data based on one or more columns to perform aggregate operations.,education,4,13
what are some common reasons for underfitting,"Common reasons include a short training period, a simplistic model, and a lack of enough features.",education,7,16
what is the action value function,The action-value function is a mathematical function that maps states and actions to expected rewards.,education,5,15
how does a learning rate scheduler improve training,"A learning rate scheduler adjusts the learning rate dynamically based on training progress, often reducing it as training proceeds to refine the model's convergence.",education,8,24
what is the role of hyperparameter tuning in managing bias and variance,"Hyperparameter tuning involves adjusting model parameters to find the optimal balance between bias and variance, improving model performance and generalization.",education,12,20
how can you detect underfitting,"Underfitting can be detected by poor performance on both training and validation data, indicating that the model is too simple to capture the data's patterns.",education,5,25
how does the fully connected layer work in cnns,A fully connected layer takes the flattened output of the convolutional layers and maps it to the output classes. It is used to make final predictions in tasks like image classification.,education,9,31
what is scikit learn,Scikit-Learn is an open-source machine learning library for Python.,education,3,9
what is temporal difference td learning in reinforcement learning,TD learning updates value functions based on the difference between predicted and actual rewards.,education,9,14
what is the immersive reader api,The Immersive Reader API can read text aloud and provide a more immersive reading experience.,education,6,15
describe the difference between cbow and skip gram models,"CBOW (Continuous Bag of Words) predicts the target word from the context words, while Skip-Gram predicts the context words from the target word.",education,8,23
what are different ways to represent text data numerically for machine learning models,"Common approaches include bag-of-words, TF-IDF, and word embeddings like Word2Vec.",education,13,10
what is a residual connection in deep learning,"A residual connection adds the input of a layer to its output, allowing the network to learn residual functions, which helps in training deeper networks by mitigating the vanishing gradient problem.",education,8,31
what are some common nlp tasks,"Common tasks include sentiment analysis, topic modeling, machine translation, and text summarization.",education,6,12
what is the turing test,A test proposed by Alan Turing to determine if a machine's behavior is indistinguishable from human intelligence.,education,5,17
what is a variational autoencoder vae,"A Variational Autoencoder (VAE) is a type of generative model that extends the standard Autoencoder by introducing a probabilistic approach to the latent space. VAEs learn to encode input data into a distribution over the latent space, allowing them to generate new data samples by sampling from this distribution.",education,6,49
why is the margin important in svms,The margin is important because it reduces the chance of misclassifying future test samples.,education,7,14
what is the difference between absolute and relative position encodings in transformers,"Absolute position encodings assign a unique positional value to each token based on its position in the sequence, while relative position encodings capture the distance between tokens rather than their absolute positions.",education,12,32
what is the function of the final layer of the encoder in a deep autoencoder,It compresses input data into a lower-dimensional representation.,education,15,8
how do you fill missing values with a specific value,Use df.fillna(value) to replace missing values with a specified value.,education,10,10
what is syntactic structure,Syntactic structure refers to the arrangement of words and phrases in a sentence and is used to convey meaning.,education,4,19
what is a deep neural network dnn,A neural network with multiple hidden layers between the input and output layers.,education,7,13
what is stratified k fold cross validation,Stratified k-fold cross-validation ensures that each fold has the same proportion of class labels as the original dataset.,education,5,18
explain the significance of recall in performance evaluation,"Recall measures the ratio of correctly predicted positive observations to the actual positives, highlighting the model's ability to identify all relevant cases within a dataset.",education,8,25
what is an encoder decoder transformer model and what tasks is it suited for,"Encoder-decoder transformer models, like BART and T5, are used for tasks involving generation or transformation of sequences, such as translation, summarization, and text generation.",education,13,24
what is regularization in the context of model fitting,Regularization is the process of adding additional information to prevent overfitting by penalizing complex models.,education,9,15
how does self attention work,Self-attention works by calculating attention scores between different words in a sequence and using these scores to compute a weighted sum of the words.,education,4,24
how does the id algorithm select attributes,The algorithm iterates through every unused attribute of the set S and calculates the entropy H(S) or information gain IG(S) of that attribute.,education,7,23
what is artificial intelligence,AI simulates human intelligence in machines to perform tasks requiring learning and reasoning.,education,4,13
what is linear regression,Linear regression is a statistical method for modeling the relationship between a dependent variable and one or more independent variables by fitting a linear equation to the observed data.,education,4,29
what is pruning in the context of model compression,"Pruning involves removing less important or redundant weights and neurons from a neural network, reducing its size and computational cost without significantly affecting performance.",education,9,24
what is the role of diversity in ensemble methods,"Diversity in ensemble methods refers to the variation among base models' predictions, which helps improve the ensemble's overall performance by reducing correlation and capturing different patterns.",education,9,26
how do bag of words and tf idf differ in representing text data,"Bag-of-words focuses on word presence, while TF-IDF considers both word frequency and rarity across documents",education,10,15
what is bayesian inference,A method of statistical inference that updates the probability of a hypothesis as more evidence becomes available.,education,4,17
what is a soft policy in reinforcement learning,"A soft policy is a stochastic policy that includes some level of exploration by occasionally selecting suboptimal actions, promoting broader exploration of the state-action space.",education,8,25
how does model complexity affect underfitting,"Lower model complexity increases the risk of underfitting, as a simpler model may not have enough capacity to capture the underlying patterns in the data.",education,6,25
what is the significance of the normal distribution,"The normal distribution, also known as the Gaussian distribution, is significant because it describes many natural phenomena. It is characterized by its bell-shaped curve and is defined by its mean and variance.",education,8,32
what is the bayesian information criterion bic,"The Bayesian Information Criterion (BIC) is similar to AIC but places a stronger penalty on model complexity, helping to select simpler models when comparing different models.",education,7,26
what is the purpose of the partial f test in regression,"The partial F-test assesses the significance of adding a subset of predictors to a regression model, testing whether the inclusion of these predictors improves the model fit significantly.",education,10,28
what are some common regularization techniques,Common techniques include L2-norm (Ridge Regression) and L1-norm (Lasso Regression).,education,6,10
what does a transformer model do,It processes sequences of data and is commonly used in NLP for tasks like translation and text generation.,education,6,18
what is arima in time series analysis,"ARIMA stands for AutoRegressive Integrated Moving Average. It is a popular statistical model used for time series forecasting. ARIMA models combine three components: AutoRegressive (AR), Integrated (I), and Moving Average (MA), to model different types of temporal patterns in the data.",education,7,41
what is the conditional independence assumption in naive bayes,Conditional independence assumes that each feature is independent of the others given the class label.,education,9,15
what is transfer learning and when is it used,"Transfer learning involves using a pre-trained model on a new, related task to leverage learned features, often used to improve performance on tasks with limited data.",education,9,26
what is the empirical rule in normal distribution,The empirical rule states that for a normal distribution: Approximately 68.27% of the data falls within one standard deviation of the mean. Approximately 95.45% falls within two standard deviations. Approximately 99.73% falls within three standard deviations.,education,8,36
what is distributed representation in word vec,Word2Vec uses a distributed representation of a word where each word is represented by a distribution of weights across all elements in the vector.,education,6,24
what are some common kernel functions used in svm,"Common kernel functions include the linear kernel, polynomial kernel, radial basis function (RBF) kernel, and sigmoid kernel.",education,9,17
what is deep reinforcement learning,"Deep reinforcement learning combines reinforcement learning with deep learning, using neural networks to approximate policies and value functions, enabling the agent to handle complex, high-dimensional environments.",education,5,26
what is the significance of the decision boundary in a linear classifier,The decision boundary separates the input space into regions corresponding to different class labels. Its defined by the weights and bias in the model.,education,12,24
what is entropy in the context of decision trees,Entropy is a measure of randomness with higher entropy indicating more random data.,education,9,13
what are sparse transformers and how do they reduce computational costs,"Sparse transformers focus attention on a subset of tokens, reducing the quadratic complexity of the standard attention mechanism, making them more efficient for long sequences.",education,11,25
what does the gini index measure,The Gini Index measures the impurity of the data.,education,6,9
what is the vanishing gradient problem in rnns,"The vanishing gradient problem occurs when gradients used for updating the weights become very small during backpropagation, especially in deep RNNs. This can prevent the network from learning effectively over long sequences, as the impact of earlier inputs diminishes. Long Short-Term Memory (LSTM) and Gated Recurrent Units (GRU) are designed to mitigate this issue.",education,8,54
what is the significance of the statement self supervised learning is supervised learning without specific task annotations,"This statement highlights that SSL creates supervised tasks from unlabeled data, effectively simulating the conditions of supervised learning but without the need for labeled data. This allows models to learn from vast amounts of unlabeled data, which is more readily available.",education,16,41
what is gan,"Generative Adversarial Network, a type of model composed of two neural networksa generator and a discriminatorthat compete with each other.",education,3,20
how easy are decision trees to use,Decision Trees are easy to understand and use like a flow chart.,education,7,12
what is a learned function or model in machine learning,The learned function or model is the prediction function f that is estimated during training,education,10,15
what is k means clustering,The K-means algorithm is a way to find the clusters and its centroids.,education,4,13
how does the encoder contribute to dimensionality reduction in an autoencoder,The encoder compresses the input into a lower-dimensional code layer.,education,11,10
what are support vector machines,Support Vector Machines (SVMs) are a type of classification algorithm.,education,5,10
what is the dual problem in svm,"The dual problem in SVM involves maximizing a quadratic function of the Lagrangian multipliers subject to certain constraints, and it is often easier to solve than the primal problem.",education,7,29
what is a target network,A target network is a neural network that is used to estimate the target Q-values.,education,5,15
what is the kernel trick in svm,The kernel trick allows SVM to operate in a high-dimensional space without explicitly calculating the coordinates in that space.,education,7,19
how is the error or loss calculated in mlp,The error or loss is calculated as the squared difference between the actual class and the predicted class.,education,9,18
what is the role of cross validation in hyperparameter tuning,"Cross-validation is used in hyperparameter tuning to evaluate the performance of different hyperparameter configurations, ensuring that the selected hyperparameters generalize well to unseen data.",education,9,24
what is overfitting in machine learning,"Overfitting happens when a model learns the noise in the training data instead of the actual patterns, resulting in excellent performance on the training data but poor generalization to new data.",education,6,31
how are cnns applied to speech recognition tasks,"In speech recognition, CNNs are used to process spectrograms, which are visual representations of audio signals. The network learns to recognize patterns in these images that correspond to phonemes or words.",education,8,31
how do conversational agents work,"Conversational Agents work with following NLP components Speech Recognition and Synthesis, Natural Language Understanding, Dialog Management, Generating Response.",education,5,18
what predictors does scikit learn offer,Scikit-Learn provides tools for making predictions including logistic regression and decision trees.,education,5,12
what is the goal of generative modeling,The goal of generative modeling is to generate new samples that come from the same distribution as the training data.,education,7,20
what is the impact of batch size on training,"Batch size determines the number of samples processed before the model's weights are updated. A larger batch size provides more stable gradients but requires more memory, while a smaller batch size leads to noisier updates but can generalize better.",education,9,39
what are learned features,Features that are automatically learned by machine learning algorithms are called learned features.,education,4,13
how are words represented in word vec,A vector space with several hundred dimensions (say 1000) is used to represent words.,education,6,14
what is normalization in feature scaling,"Normalization adjusts the feature values to fit within a specific range, typically [0, 1], by rescaling them based on the minimum and maximum values.",education,6,24
can you explain the concept of named entity recognition ner using nltk,"Named entity recognition is the identification of entities such as names, locations, and organizations in text. NLTK provides tools to perform NER.",education,12,22
what is the relationship between model complexity and memory usage in cnns,"There is generally a linear relationship between model complexity and memory usage in CNNs. As the complexity of the model increases, so does the amount of memory it requires, making it crucial to consider this trade-off when designing or selecting a network for a specific application.",education,12,46
what is shap shapley additive explanations,A method to explain individual predictions by computing the contribution of each feature to the prediction.,education,6,16
what is the concept of the out of bag error estimate,"The out-of-bag error estimate is a measure of model performance obtained from the bootstrap sampling method, where each data point is used as a test case in the training process of other data points.",education,9,34
what is the difference between bagging and random forests,"Bagging is a general technique for creating ensembles by training on different subsets of the data, while Random Forests specifically use decision trees as base models and introduce randomness in feature selection.",education,9,32
what is the significance of the exploration exploitation dilemma,The exploration-exploitation dilemma reflects the challenge of balancing the need to explore new actions that could yield higher rewards (exploration) with the need to exploit known actions that already yield high rewards (exploitation).,education,8,33
what is the assumption behind dimensionality reduction,"High-dimensional data often lives in a lower-dimensional manifold (sub-space), and we can represent the data points well by using just their lower-dimensional coordinates.",education,7,23
what is the dueling network architecture in deep reinforcement learning,"The dueling network architecture separates the estimation of state values and advantages into two streams, improving the stability and performance of deep Q-learning.",education,10,23
what is the role of feature engineering in preventing underfitting,"Feature engineering involves creating new features or transforming existing ones to provide more relevant information to the model, helping it capture complex patterns and reduce underfitting.",education,10,26
what does the word vec pre trained model include,The document mentions that Google's pre-trained Word2Vec model includes word vectors for a vocabulary of 3 million words and phrases.,education,7,20
what is overfitting in machine learning,"When a model performs well on training data but poorly on new, unseen data due to excessive complexity.",education,6,18
how do you remove duplicate rows,Use df.drop_duplicates() to remove duplicate rows from a DataFrame.,education,6,9
what is the impact of noisy data on bias and variance,"Noisy data can increase variance (by making the model fit the noise) and, in some cases, can also increase bias if the noise is systematic and affects the learning process.",education,11,30
what is a conditional gan,A Conditional GAN is a type of GAN where both the generator and the discriminator have access to additional information (such as class labels or data from another modality) to guide the generation process.,education,5,34
what is adaboost,"AdaBoost, or Adaptive Boosting, is a boosting algorithm that assigns higher weights to misclassified instances and combines weak learners into a strong learner by focusing on difficult cases.",education,3,28
how can you diagnose high bias,"High bias can be diagnosed by observing low performance on both training and validation data, indicating that the model is too simple to capture the data's patterns.",education,6,27
how does an agent learn in reinforcement learning,"An agent learns by taking actions in an environment, observing the results, and adjusting its policy to maximize cumulative rewards over time.",education,8,22
how does the initial layer of the decoder in a deep autoencoder contribute to reconstruction,It takes the compressed code and begins the process of reconstructing the original data.,education,15,14
what is gradient descent,An optimization algorithm used to minimize the loss function by iteratively adjusting model parameters.,education,4,14
how can we overcome the limitations of tf idf for representing text data,Techniques like Word2vec and GloVe can capture semantic relationships and contextual information more effectively than TF-IDF.,education,12,16
what is the role of beam search in transformer based text generation models,"Beam search is a decoding algorithm used to generate sequences by exploring multiple possible continuations at each step, selecting the most likely sequences to produce more coherent and contextually relevant outputs compared to greedy search.",education,12,35
how does stride affect the number of operations in a convolution layer,Stride influences the number of filter positions and thus the total number of multiplications required to compute the feature map.,education,12,20
what is gradient boosting,"Gradient Boosting is a boosting technique that builds models sequentially, with each new model correcting the residual errors of the previous model by minimizing a loss function.",education,4,27
what was the significance of using gpus in training alexnet,"The use of GPUs allowed AlexNet to train significantly faster than previous models, enabling it to handle the large-scale ImageNet dataset and contribute to the deep learning revolution in computer vision.",education,10,31
what is the option framework in hierarchical reinforcement learning,"The option framework introduces temporally extended actions, called options, which include a policy for a subtask, a termination condition, and an initiation set, enabling the agent to operate at multiple levels of abstraction.",education,9,33
what is the variance inflation factor vif,The variance inflation factor (VIF) quantifies how much the variance of a regression coefficient is inflated due to multicollinearity with other predictors in the model.,education,7,25
how does backpropagation work in a neural network,"Backpropagation is an algorithm used to calculate the gradient of the loss function with respect to each weight by the chain rule, allowing the network to adjust weights to minimize error.",education,8,31
what is the role of agents in langchain,"Agents in LangChain are powerful components that use models, data connections, chains, and memory to perform tasks. They can interact with external tools, APIs, and data stores to reason through requests and take actions based on observational outputs?(LangChain_RAG).",education,8,38
where does class lie in relation to the decision boundary,Class 0 lies on the negative side of the decision boundary.,education,11,11
what is the difference between supervised and unsupervised learning,"Supervised learning uses labeled data, while unsupervised learning uses unlabeled data to find patterns.",education,9,14
what does word vec do with words in vector space,Word2Vec clusters similar or related words together in vector space.,education,9,10
what is the role of beam search in text generation,"Beam search is a decoding algorithm that keeps track of the top-k most probable sequences at each step, expanding them to find the most likely sequence in tasks like text generation and machine translation.",education,10,34
what is quantile regression,"Quantile regression estimates the conditional quantiles of the response variable, providing a more comprehensive view of the relationship between variables beyond the mean.",education,4,23
what is model convergence,"The process where the model's training loss stabilizes, indicating that it has learned the underlying pattern in the data.",education,4,19
what is deep learning in nlp,Deep learning is a type of machine learning that uses neural networks to analyze and interpret data and has been applied to many NLP tasks.,education,6,25
what is the role of cross validation in managing overfitting and underfitting,Cross-validation helps manage overfitting and underfitting by providing a more reliable estimate of model performance and ensuring that the model generalizes well across different subsets of the data.,education,11,28
what are the limitations of hadoop mapreduce,Only some type of computations supported Not easy to program Missing abstractions for advanced workflows,education,7,15
what is boosting in machine learning,An ensemble learning technique that combines weak learners into a strong learner by focusing on the errors of previous models.,education,6,20
what are the advantages of using lstm networks for time series prediction,LSTM networks are effective for time series prediction because they can capture long-term dependencies and remember information over long sequences. They are resilient to the vanishing gradient problem.,education,12,28
what is web scraping and how is it used in data extraction,Web scraping involves extracting data from websites. It is commonly used to gather information for analysis or to populate datasets.,education,12,20
what is monitoring and updating,The activity of measuring and analysing production model performance to ensure acceptable quality as defined by the use case is known as machine learning monitoring. It delivers alerts about performance difficulties and assists in diagnosing and resolving the core cause.,education,5,40
what is a latent variable in machine learning,"A latent variable is a hidden or unobserved variable that influences the observed data, often inferred through models like factor analysis.",education,8,21
what is the training objective of word vec,The training objective is to maximize the conditional probability of observing the actual output word given the input context words.,education,7,20
what is the role of the optimizer in training neural networks,"The optimizer updates the model's weights based on the gradients computed during backpropagation. It determines how the model learns, with common optimizers including SGD, Adam, and RMSprop.",education,11,27
what is the main goal of support vector machines svm,The main goal of SVM is to find a separating hyperplane that maximizes the margin between different classes.,education,10,18
what is a confusion matrix,A table used to describe the performance of a classification model by comparing predicted labels with actual labels.,education,5,18
what is the use of word sense disambiguation,Many words have more than one meaning; we have to select the meaning whichmakes the most sense in context. This can be resolved by Word Sense Disambiguation.,education,8,27
what is the gpu ram requirement for gpt which has billion parameters,GPT-3 requires 700GB of GPU RAM just to store the model.,education,13,11
what is bert,"Bidirectional Encoder Representations from Transformers, a pre-trained transformer model used in various NLP tasks.",education,3,14
what is ensemble learning,A technique that combines multiple models to improve overall performance.,education,4,10
what is variance in machine learning,"The variability of a model's predictions across different datasets, reflecting how much the model is affected by the specific data it was trained on.",education,6,24
what remedy is suggested for dimensionality issue in bag of words,Dimensionality reduction techniques can be used to remedy the issue.,education,11,10
what are some practical applications of denoising autoencoders,"Applications include image denoising, speech enhancement, data preprocessing, anomaly detection, and feature learning. They are used to improve data quality and robustness.",education,8,22
what is a restricted boltzmann machine rbm,An RBM is a generative neural network that learns a probability distribution over input data through unsupervised learning.,education,7,18
what is the primary algorithm used for training mlps,The primary algorithm used for training MLPs is backpropagation.,education,9,9
what is the purpose of dropout,Reduces complex co-adaptations of neurons,education,6,5
how does a cnn achieve translation invariance,"CNNs achieve translation invariance through convolutional layers that detect local features irrespective of their location in the input and through pooling layers that reduce spatial dimensions, making the network less sensitive to small translations of the input.",education,7,37
what are the roles of the generator and discriminator in gans,"The generator produces data that resembles real data, and the discriminator classifies whether the input data is real or generated. The two networks are trained in a loop until the generator produces data indistinguishable from real data.",education,11,37
what is the difference between gradient descent with momentum and gradient descent with nesterov momentum,Predict and slow down before going up again,education,15,8
what is model evaluation in machine learning,Model evaluation involves summarizing the performance of the model using metrics such as accuracy precision and recall and selecting the best model based on the evaluation results,education,7,27
how does berts architecture differ in terms of pre training tasks compared to gpt,"BERTs architecture is pre-trained using two tasks: Masked Language Modeling (MLM) and Next Sentence Prediction (NSP), while GPT focuses solely on the task of next word prediction.",education,13,27
what is the exploration exploitation trade off in reinforcement learning,The exploration-exploitation trade-off refers to the balance between exploring new actions that might yield higher rewards (exploration) and choosing actions that are already known to yield high rewards (exploitation).,education,8,29
what is the role of the encoder decoder attention in transformer based models like bart,"Encoder-decoder attention in models like BART allows the decoder to focus on specific parts of the encoder's output, facilitating better alignment between input and output sequences during tasks like translation and summarization.",education,13,32
what are the benefits of the transformer model over rnns and cnns in nlp tasks,"The Transformer model provides better parallelization, which speeds up training, and it captures long-range dependencies more effectively without the sequential nature of RNNs, making it more efficient for large datasets.",education,15,30
what is unsupervised learning,A learning approach where the model is trained on data without labeled outputs to discover hidden patterns or structures.,education,4,19
what is the difference between a deterministic and a stochastic model,"A deterministic model produces the same output for a given input every time, while a stochastic model incorporates randomness, potentially yielding different outputs for the same input.",education,11,27
what is continuous control in reinforcement learning,"Continuous control refers to reinforcement learning tasks with continuous action spaces, requiring specialized algorithms like DDPG and PPO.",education,7,18
what is word vec and how does it work,Word2Vec is a popular word embedding technique that represents words as vectors in a continuous vector space.,education,8,17
what is lasso regression,Lasso regression (Least Absolute Shrinkage and Selection Operator) is a type of linear regression that includes L1 regularization to promote sparsity by shrinking some coefficients exactly to zero.,education,4,28
how do time series models differ from traditional machine learning models,"Time series models account for temporal dependencies and order in the data, while traditional models typically assume independent and identically distributed (i.i.d.) samples. Time series models include ARIMA, RNNs, and LSTMs.",education,11,31
how does the learning rate influence the training process of a perceptron,"A higher learning rate leads to faster updates but may cause instability, while a lower rate can be slower but more stable.",education,12,22
how do feature maps differ when using various filters on an image,Different filters create distinct feature maps by detecting various aspects like edges blurs or sharpened details in the image.,education,12,19
what are features and representations in machine learning,Features are the inputs to the prediction function while representations are the outputs of the feature extraction process,education,8,18
what is word vec,Word2Vec is a model that learns vector representations of words by predicting a word based on its context (CBOW) or by predicting the context based on a word (Skip-Gram).,education,3,29
what is the significance of positional encoding in transformers,"Positional encoding adds information about the position of words in a sequence, crucial for understanding order.",education,9,16
what is meant by a stationary time series,"A stationary time series is one whose statistical properties, such as mean, variance, and autocorrelation, remain constant over time. Stationarity is a key assumption in many time series models, including ARIMA, as it simplifies the modeling process and leads to more reliable forecasts.",education,8,43
can learning occur with a small number of examples,"Yes, learning can occur with a very small number of examples, and this is a key question when adapting models to new tasks.",education,9,23
what is the role of a loss function,A loss function measures how well the model's predictions match the actual data. It is used to guide the training process by adjusting weights to minimize the loss.,education,8,28
what is the advantage of self supervised learning,"Self-supervised learning provides an ""unsupervised"" learning approach that can be used when labeled data is not available or when the task is not well-defined.",education,7,24
how is a text document represented in bag of words,A text document is represented as a bag of its words disregarding grammar and even word order but keeping multiplicity.,education,8,20
what types of noise can be used to train a denoising autoencoder,"Common noise types include Gaussian noise, salt-and-pepper noise, and masking noise. The choice depends on the data and application.",education,12,19
what is deep learning,Deep Learning is a subset of machine learning that uses neural networks with many layers to model complex patterns in data.,education,4,21
what is the role of clustering in unsupervised learning,"Clustering groups similar data points together based on their features, allowing the discovery of natural groupings or patterns within the data without requiring labeled examples.",education,9,25
what is the meaning of n gram in nlp,"Text N-grams are commonly used in text mining and natural language processing. They're essentially a collection of co-occurring words within a specific frame, and when computing the n-grams, you usually advance one word (although you can move X words forward in more advanced scenarios).",education,8,44
what is clustering in machine learning,The task of grouping a set of objects in such a way that objects in the same group are more similar to each other than to those in other groups.,education,6,30
what is reward engineering in reinforcement learning,"Reward engineering involves designing the reward function carefully to guide the agent towards desired behaviors, ensuring that the agent's learning is efficient and aligns with the intended objectives.",education,7,28
how does explainability differ based on the audience,"Explainability can vary depending on the audience. For example, explanations for a court case might need to be more rigorous and detailed compared to explanations for a general audience, which may require only high-level insights.",education,8,35
what is a neural network in machine learning,"A neural network is inspired by the brain, with layers of interconnected nodes that learn patterns from data.",education,8,18
what is domain adaptation,A technique in transfer learning where a model trained on one domain is adapted to work in a different but related domain.,education,4,22
what are samples and points in machine learning,A sample is a single data point while a point is a single feature representation,education,8,15
what is a random forest,"A Random Forest is an ensemble learning method that combines multiple decision trees, trained on random subsets of the data and features, to make predictions through majority voting or averaging.",education,5,30
how does tf idf term frequency inverse document frequency work in text representation,TF-IDF measures the importance of a word in a document relative to a collection of documents by considering its frequency in the document and across the corpus.,education,11,27
how does the bow model represent the frequency of words in documents,The BoW model represents the frequency of words in documents using a table where each row corresponds to a document and each column corresponds to a word from the vocabulary.,education,12,30
how can features be selected as a matrix multiplication,Selecting features can be done by performing a matrix multiplication where the resulting matrix gives the linear combination of features that reduces the dimension.,education,9,24
what is a feature map in cnns,"A feature map is the output of a convolutional layer after applying a filter to the input data. It represents the presence of specific features, like edges, at various spatial locations.",education,7,31
what are the benefits of cross validation over a simple train test split,"Cross-validation provides a more robust estimate of model performance by averaging results over multiple splits, reducing the impact of variability in a single train-test split.",education,11,25
what are the different approaches used to solve nlp problems,"There are multiple approaches to solving NLP problems. These usually come in 3 categories are Heuristics, Machine learning and Deep Learning.",education,10,21
explain the concept of sequence labeling in nlp,"Sequence labeling involves assigning a label to each token in a sequence, commonly used for tasks like part-of-speech tagging, named entity recognition, and chunking.",education,8,24
what is the summary of decision trees,Decision Trees are a simple human-understandable solution that involves finding the best tree during training and using the criteria obtained during training to classify data during testing.,education,7,27
what is regularization and how does it impact bias and variance,"Regularization adds a penalty to the model's complexity, helping to reduce variance (overfitting) while potentially increasing bias (underfitting).",education,11,18
what is linear regression,Linear regression is a statistical method used to model the relationship between a dependent variable and one or more independent variables by fitting a linear equation to observed data.,education,4,29
what is the critic in the context of actor critic algorithms,"The critic in actor-critic algorithms estimates the value function, providing feedback on the quality of actions selected by the actor, helping to improve the actor's policy based on the estimated value of state-action pairs.",education,10,34
what is the bag of words model in natural language processing,"The bag-of-words model represents text by counting the frequency of words in a document, ignoring grammar and word order.",education,9,19
what are the steps involved in training a cnn,"CNN training involves initializing weights, feeding forward input data, computing the loss, backpropagating the loss to update weights, and repeating these steps over multiple epochs until convergence.",education,9,27
why is it challenging for small companies to train large models from scratch,"Small companies often lack the resources to train large models with billions of samples, so they rely on pre-trained models like Llama and fine-tune them for specific tasks.",education,13,28
what is contrastive learning,"Contrastive learning is a method in SSL where the model learns to distinguish between similar (positive) and dissimilar (negative) data samples. The goal is to create an embedding space where similar samples are close to each other, while dissimilar samples are far apart.",education,4,43
what is the result of successful training in mlp,"Successful training in MLP results in reduced loss or error, and the network finds appropriate weights that minimize the difference between predicted and actual outputs.",education,9,25
what is principal component analysis pca,PCA is a dimensionality reduction technique that extracts important information from high-dimensional data and arranges the new dimensions in order of importance.,education,6,22
how does backpropagation work in training an mlp,Backpropagation calculates the gradient of the loss function with respect to each weight by propagating errors backward through the network. This gradient is used to update the weights to minimize the loss.,education,8,32
what are some common data visualization techniques used in nlp,"Word clouds, scatter plots, heatmaps, and network graphs are commonly used for exploring and understanding text data.",education,10,17
how can interactive data visualization tools be helpful in nlp analysis,"Interactive tools allow users to explore data trends and relationships dynamically, leading to deeper understanding and insights.",education,11,17
what is a critical consideration mentioned when building a machine learning model,A critical consideration is to build the most efficient and accurate model possible by regularizing and experimenting with various hyperparameters.,education,12,20
what is the concept of nested cross validation in model selection,"Nested cross-validation involves two levels of cross-validation: one for hyperparameter tuning and another for model evaluation, providing an unbiased estimate of model performance and hyperparameters.",education,10,25
how is q learning used in robotics,Q-learning has been used in robotics to learn control policies for robots.,education,6,12
what task is primarily used during the pretraining of gpt models,"The primary task used during the pretraining of GPT models is language modeling, where the model is trained to predict the next word in a sequence.",education,11,26
what is the significance of the auc roc curve,The AUC-ROC curve provides a single value summary of the model's ability to distinguish between positive and negative classes across all thresholds.,education,8,22
how do you create a series in pandas,"Use pd.Series(data) where data can be a list, array, or dictionary.",education,8,11
what are residuals in arima modeling and why are they important,"Residuals are the differences between the observed values and the values predicted by the ARIMA model. They are important because analyzing residuals helps assess the adequacy of the model. Ideally, residuals should resemble white noise (i.e., they should be normally distributed with a mean of zero and no autocorrelation), indicating that the model has captured all the patterns in the data.",education,11,61
how does quantization help with memory usage,"Quantization helps reduce memory usage by mapping weights from a larger data type (like float64) to a smaller one (like int8), thus saving space.",education,7,24
what is the role of metric learning in the context of verification tasks,"Metric learning is used to learn a distance metric that reflects the similarity between instances. In verification tasks, this learned metric helps to ensure that images of the same person are closer together in the feature space, while images of different people are farther apart, thereby improving the accuracy of verification.",education,13,51
what is apache spark in machine learning,"Apache Spark is an open-source distributed computing system used for big data processing, with support for machine learning through its MLlib library.",education,7,22
what are some metrics on which nlp models are evaluated,"Some metrics on which NLP models are evaluated are Accuracy, Precision, Recall, F1 score and AUC",education,10,16
what is model deployment,The technical task of exposing an ML model to real-world use is known as model deployment.,education,4,16
what is the kernel trick in svm,"The kernel trick allows SVM to operate in a high-dimensional space by transforming the input data into a higher dimension, making it possible to find a linear separator for non-linear data.",education,7,31
what is hierarchical clustering,A clustering method that builds a tree-like structure (dendrogram) by iteratively merging or splitting clusters based on their similarity.,education,4,19
what is the role of the mapping function in quantization,The mapping function in quantization is used to convert original float weights to integer weights and vice versa. It ensures that the integer weights can be correctly approximated back to the original float weights during inferencing.,education,10,36
what is the gpt model and how does it differ from bert,"GPT (Generative Pre-trained Transformer) is a unidirectional model that generates text by predicting the next word in a sequence, while BERT is bidirectional, focusing on understanding the context of a word within a sequence.",education,12,34
how do siamese networks work in the context of verification tasks,"Siamese networks are a type of neural network architecture where two or more networks share the same weights and are used to compare two inputs. In verification tasks, such as facial recognition, the network ensures that the feature representations of the same person are close in the feature space, while those of different people are far apart. This helps in accurately verifying whether two inputs match.",education,11,66
how can nlp be applied in chatbot development,"NLP in chatbots involves understanding user input, generating appropriate responses, and maintaining context. Intent recognition and entity extraction are key components.",education,8,21
what are parent nodes in decision trees,Parent nodes are divided into sub-nodes which are called child nodes.,education,7,11
what is uniform quantization,Uniform quantization involves mapping the range of original weights to a smaller range of new weights using a linear transformation. This helps reduce the storage requirements.,education,4,26
what are adversarial examples in machine learning,Adversarial examples are intentionally modified inputs designed to mislead a machine learning model.,education,7,13
what is a loss function in deep learning,"A loss function measures the difference between predicted and actual outputs, guiding training.",education,8,13
how can active learning be used to improve nlp model performance efficiently,"Active learning strategies select the most informative data points for human annotation, allowing the model to learn faster and with less data.",education,12,22
what are the two generations of nlp,"The two generations are Hand-crafted Systems (Knowledge Engineering) and Automatic, Trainable (Machine Learning) Systems.",education,7,14
what is the role of weights in a perceptron,"The weights in a Perceptron determine the influence of each input on the final output. During training, the weights are adjusted to minimize the classification error, allowing the Perceptron to learn the relationship between the input features and the target labels.",education,9,41
how does gradient descent optimize neural network parameters in training,Gradient descent is an iterative optimization algorithm that adjusts the network's weights based on the gradient of the loss function to minimize the error between predicted and actual values.,education,10,29
what is the purpose of feature scaling in machine learning,"Feature scaling ensures that all features have the same scale, preventing certain features from dominating the learning process in algorithms sensitive to feature magnitudes.",education,10,24
what is the significance of stride in a convolutional layer,"Stride refers to the step size with which the convolution filter moves across the input. A larger stride reduces the spatial dimensions of the output feature map, effectively downsampling the data.",education,10,31
what is mean absolute percentage error mape,Measures the average absolute percentage error between the actual and predicted values. Its useful for comparing forecast accuracy across different datasets.,education,8,21
what is the function of the convolution layer in a cnn,The convolution layer extracts features from input images using filters or kernels.,education,11,12
what is the role of the hyperplane in svm,"The hyperplane is the decision boundary that separates different classes in the feature space, and SVM aims to find the hyperplane with the maximum margin.",education,9,25
how is peft applied in large language models,"PEFT in large language models involves techniques like LoRA, adapters, or prefix-tuning, where only a small set of parameters or additional layers are trained, while the majority of the model remains frozen.",education,8,32
what is interaction feature engineering,"Interaction feature engineering involves creating new features that represent interactions between existing features, capturing relationships that may enhance model performance.",education,5,20
how is the objective function in contrastive learning typically formulated,"The objective function is formulated using a variable y bar, where y bar can be 0 or 1. When \( y = 0 \), the function brings the data points closer, and when \( y = 1 \), it pushes them farther apart.",education,10,43
what is a sparse matrix,"A matrix where most of the elements are zero, often encountered in high-dimensional data like text.",education,5,16
what is the impact of early stopping on the bias variance tradeoff,"Early stopping helps manage variance by preventing excessive training and overfitting, which can lead to a better balance between bias and variance.",education,11,22
what is the primary goal of the knn algorithm,The primary goal of the KNN algorithm is to classify unknown samples by looking at their nearest neighbors in the feature space.,education,9,22
what is a long short term memory lstm network,An LSTM is a type of RNN designed to capture long-term dependencies by using memory cells to retain information over extended sequences.,education,8,22
what is the method of vectorization in bag of words,The simplest method is to mark the presence of words as a boolean value 0 for absent 1 for present.,education,8,20
what is the significance of feature interactions,Feature interactions capture relationships between multiple features that can improve model performance by providing additional context or combining effects.,education,7,19
what is the difference between hard margin and soft margin svm,"Hard margin SVM assumes that the data is linearly separable and aims to find a hyperplane with no misclassifications, while soft margin SVM allows for some misclassifications by introducing a penalty for violations.",education,11,33
how does quantization error change with different data types,"Quantization error decreases with larger data types. For example, using `uint16` or `uint32` reduces quantization error compared to `uint8` because these larger types can represent a wider range of values with greater precision.",education,9,33
how does machine translation work in nlp,Machine translation involves using algorithms to automatically translate text from one language to another.,education,7,14
