Fold,F1_Score
1,0.9682703594727997
2,0.9669947479958152
3,0.9665954303847826
4,0.9647582054540923
5,0.9641108881839794
